-- MySQL dump 10.13  Distrib 8.1.0, for macos13.3 (arm64)
--
-- Host: lmc8ixkebgaq22lo.chr7pe7iynqr.eu-west-1.rds.amazonaws.com    Database: bpqpl50prnmhmu9r
-- ------------------------------------------------------
-- Server version	8.0.33

/*!40101 SET @OLD_CHARACTER_SET_CLIENT=@@CHARACTER_SET_CLIENT */;
/*!40101 SET @OLD_CHARACTER_SET_RESULTS=@@CHARACTER_SET_RESULTS */;
/*!40101 SET @OLD_COLLATION_CONNECTION=@@COLLATION_CONNECTION */;
/*!50503 SET NAMES utf8mb4 */;
/*!40103 SET @OLD_TIME_ZONE=@@TIME_ZONE */;
/*!40103 SET TIME_ZONE='+00:00' */;
/*!40014 SET @OLD_UNIQUE_CHECKS=@@UNIQUE_CHECKS, UNIQUE_CHECKS=0 */;
/*!40014 SET @OLD_FOREIGN_KEY_CHECKS=@@FOREIGN_KEY_CHECKS, FOREIGN_KEY_CHECKS=0 */;
/*!40101 SET @OLD_SQL_MODE=@@SQL_MODE, SQL_MODE='NO_AUTO_VALUE_ON_ZERO' */;
/*!40111 SET @OLD_SQL_NOTES=@@SQL_NOTES, SQL_NOTES=0 */;
SET @MYSQLDUMP_TEMP_LOG_BIN = @@SESSION.SQL_LOG_BIN;
SET @@SESSION.SQL_LOG_BIN= 0;

--
-- GTID state at the beginning of the backup 
--

SET @@GLOBAL.GTID_PURGED=/*!80000 '+'*/ '';

--
-- Table structure for table `clinic_examen`
--

DROP TABLE IF EXISTS `clinic_examen`;
/*!40101 SET @saved_cs_client     = @@character_set_client */;
/*!50503 SET character_set_client = utf8mb4 */;
CREATE TABLE `clinic_examen` (
  `id` int NOT NULL AUTO_INCREMENT,
  `type_id` int NOT NULL,
  `sub_title` varchar(255) CHARACTER SET utf8mb4 COLLATE utf8mb4_unicode_ci DEFAULT NULL,
  PRIMARY KEY (`id`),
  KEY `IDX_EE156A53C54C8C93` (`type_id`),
  CONSTRAINT `FK_EE156A53C54C8C93` FOREIGN KEY (`type_id`) REFERENCES `clinic_sign_type` (`id`)
) ENGINE=InnoDB AUTO_INCREMENT=65 DEFAULT CHARSET=utf8mb4 COLLATE=utf8mb4_unicode_ci;
/*!40101 SET character_set_client = @saved_cs_client */;

--
-- Dumping data for table `clinic_examen`
--

LOCK TABLES `clinic_examen` WRITE;
/*!40000 ALTER TABLE `clinic_examen` DISABLE KEYS */;
INSERT INTO `clinic_examen` VALUES (1,1,NULL),(2,3,NULL),(3,2,NULL),(4,4,NULL),(5,4,'Pleurothotonus (=incurvation  latérale du corps)'),(6,6,'Ataxie symétrique des 4 membres'),(7,4,'Tremblements intentionnels tête'),(8,6,'Atteinte des 4 membres'),(9,7,'Tonus musculaire des antérieurs'),(10,7,'Réflexe de flexion de l\'antérieur'),(11,7,'Tonus musculaire des postérieurs'),(12,7,'Réflexe de flexion du postérieur'),(13,7,'Réflexe patellaire'),(14,7,'Réflexe sciatique'),(15,9,'Anomalie à l\'examen des nerfs crâniens'),(16,7,'Réflexes médullaires'),(18,7,'Réflexes photomoteurs'),(19,9,'Réponse à la menace'),(20,9,'Atteinte des autres nerfs crâniens'),(21,7,'Réflexe palpébral'),(22,5,'Nystagmus'),(23,5,'Strabisme positionnel ventral'),(24,6,'Parésie'),(25,4,'Déficit proprioceptif ipsilatéral'),(26,4,'Trémulations corps'),(27,6,'Hypermétrie sans parésie'),(28,4,'Augmentation du polygone de sustentation'),(29,7,'Ambulatoire'),(30,2,'Sauf déficit de réponse à la menace'),(31,6,'Marche sur le cercle'),(32,6,'Ataxie'),(33,8,'Tonus des membres'),(34,10,'Proprioception'),(35,7,'Perte de sensibilité nasale'),(36,9,'Réflexe palpébral'),(37,9,'Réflexe cornéen'),(38,10,'Placers tactiles réduits (controlatéraux)'),(39,10,'Déficit proprioceptif'),(40,6,'Déambulation'),(41,10,'Déficit proprioceptif ipsilatéral ou controlatéral'),(42,9,'Anomalie nerf crânien VII'),(43,9,'Anomalie nerf crânien VIII'),(44,1,NULL),(45,9,'Symétrie de la face'),(46,6,NULL),(47,11,'Test à l\'alcool'),(48,9,'Réponse à la menace (diminuée ou absente)'),(49,9,'Test à la boule de coton'),(50,9,'Réflexe photomoteur - direct / indirect'),(51,9,'Réflexe oculocéphalique'),(52,9,'Réflexe cornéen diminué ou absent'),(53,9,'Tonus de la mâchoire'),(54,9,'Réflexe de déglutition'),(55,9,'Test de Schirmer (sécheresse occulaire)'),(56,9,'Réflexe palpébral diminué ou absent'),(57,5,'Strabisme'),(58,5,'Déficit de rétraction du globe'),(59,9,'Anisocorie'),(60,9,'Sensibilité de la face'),(61,9,'Test de rétraction de la langue'),(62,9,'Tête penchée'),(63,9,'Dysphagie'),(64,9,'Réflexe de déglutition diminué ou absent');
/*!40000 ALTER TABLE `clinic_examen` ENABLE KEYS */;
UNLOCK TABLES;

--
-- Table structure for table `clinic_examen_clinic_sign_value`
--

DROP TABLE IF EXISTS `clinic_examen_clinic_sign_value`;
/*!40101 SET @saved_cs_client     = @@character_set_client */;
/*!50503 SET character_set_client = utf8mb4 */;
CREATE TABLE `clinic_examen_clinic_sign_value` (
  `clinic_examen_id` int NOT NULL,
  `clinic_sign_value_id` int NOT NULL,
  PRIMARY KEY (`clinic_examen_id`,`clinic_sign_value_id`),
  KEY `IDX_7DF16F8CFA7432F1` (`clinic_examen_id`),
  KEY `IDX_7DF16F8CDA3F1B4B` (`clinic_sign_value_id`),
  CONSTRAINT `FK_7DF16F8CDA3F1B4B` FOREIGN KEY (`clinic_sign_value_id`) REFERENCES `clinic_sign_value` (`id`) ON DELETE CASCADE,
  CONSTRAINT `FK_7DF16F8CFA7432F1` FOREIGN KEY (`clinic_examen_id`) REFERENCES `clinic_examen` (`id`) ON DELETE CASCADE
) ENGINE=InnoDB DEFAULT CHARSET=utf8mb4 COLLATE=utf8mb4_unicode_ci;
/*!40101 SET character_set_client = @saved_cs_client */;

--
-- Dumping data for table `clinic_examen_clinic_sign_value`
--

LOCK TABLES `clinic_examen_clinic_sign_value` WRITE;
/*!40000 ALTER TABLE `clinic_examen_clinic_sign_value` DISABLE KEYS */;
INSERT INTO `clinic_examen_clinic_sign_value` VALUES (1,3),(1,4),(1,6),(2,1),(2,2),(2,3),(3,3),(3,4),(3,21),(4,3),(4,5),(4,10),(4,11),(4,12),(4,13),(4,14),(5,1),(5,2),(5,3),(6,1),(6,2),(6,3),(7,1),(7,2),(7,3),(8,1),(8,2),(8,3),(9,3),(9,15),(9,16),(10,3),(10,15),(10,16),(11,3),(11,15),(11,16),(12,3),(12,15),(12,16),(13,3),(13,15),(13,16),(14,3),(14,15),(14,16),(15,1),(15,2),(15,3),(16,3),(16,4),(16,15),(18,3),(18,4),(18,17),(18,18),(19,3),(19,4),(19,17),(19,18),(20,1),(20,2),(20,3),(21,3),(21,4),(21,17),(21,18),(22,1),(22,2),(22,3),(23,1),(23,2),(23,3),(24,3),(24,19),(24,20),(25,1),(25,2),(25,3),(26,1),(26,2),(26,3),(27,1),(27,2),(27,3),(28,1),(28,2),(28,3),(29,1),(29,2),(29,3),(30,1),(30,2),(30,3),(31,1),(31,2),(31,3),(32,3),(32,19),(32,20),(33,3),(33,15),(33,16),(34,3),(34,5),(34,22),(35,3),(35,4),(35,17),(35,18),(36,3),(36,4),(36,17),(36,18),(37,3),(37,4),(37,17),(37,18),(38,1),(38,2),(38,3),(39,2),(39,17),(39,18),(39,23),(40,1),(40,2),(40,3),(41,1),(41,2),(41,3),(42,1),(42,2),(42,3),(43,1),(43,2),(43,3),(44,3),(44,4),(44,6),(44,24),(45,1),(45,2),(45,3),(46,5),(46,25),(46,26),(46,27),(46,28),(46,29),(46,30),(47,3),(47,31),(47,32),(48,1),(48,2),(48,3),(49,3),(49,31),(49,32),(50,3),(50,4),(50,15),(51,3),(51,4),(51,15),(52,1),(52,2),(52,3),(53,3),(53,4),(53,15),(54,1),(54,2),(54,3),(55,3),(55,31),(55,32),(56,1),(56,2),(56,3),(57,3),(57,34),(57,35),(57,36),(57,37),(58,1),(58,2),(58,3),(59,1),(59,2),(59,3),(60,3),(60,5),(60,38),(61,3),(61,31),(61,32),(62,1),(62,2),(62,3),(63,1),(63,2),(63,3),(64,1),(64,2),(64,3);
/*!40000 ALTER TABLE `clinic_examen_clinic_sign_value` ENABLE KEYS */;
UNLOCK TABLES;

--
-- Table structure for table `clinic_sign_type`
--

DROP TABLE IF EXISTS `clinic_sign_type`;
/*!40101 SET @saved_cs_client     = @@character_set_client */;
/*!50503 SET character_set_client = utf8mb4 */;
CREATE TABLE `clinic_sign_type` (
  `id` int NOT NULL AUTO_INCREMENT,
  `main_type_id` int DEFAULT NULL,
  `name` varchar(255) CHARACTER SET utf8mb4 COLLATE utf8mb4_unicode_ci NOT NULL,
  PRIMARY KEY (`id`),
  KEY `IDX_7409CB2B3107257A` (`main_type_id`),
  CONSTRAINT `FK_7409CB2B3107257A` FOREIGN KEY (`main_type_id`) REFERENCES `clinic_sign_type` (`id`)
) ENGINE=InnoDB AUTO_INCREMENT=12 DEFAULT CHARSET=utf8mb4 COLLATE=utf8mb4_unicode_ci;
/*!40101 SET character_set_client = @saved_cs_client */;

--
-- Dumping data for table `clinic_sign_type`
--

LOCK TABLES `clinic_sign_type` WRITE;
/*!40000 ALTER TABLE `clinic_sign_type` DISABLE KEYS */;
INSERT INTO `clinic_sign_type` VALUES (1,NULL,'Etat de conscience'),(2,NULL,'Comportement'),(3,NULL,'Convulsion'),(4,NULL,'Posture'),(5,NULL,'Vision'),(6,NULL,'Démarche'),(7,NULL,'Autre'),(8,NULL,'Réflexes médullaires'),(9,NULL,'Nerfs crâniens'),(10,NULL,'Réactions posturales'),(11,NULL,'Odorat');
/*!40000 ALTER TABLE `clinic_sign_type` ENABLE KEYS */;
UNLOCK TABLES;

--
-- Table structure for table `clinic_sign_value`
--

DROP TABLE IF EXISTS `clinic_sign_value`;
/*!40101 SET @saved_cs_client     = @@character_set_client */;
/*!50503 SET character_set_client = utf8mb4 */;
CREATE TABLE `clinic_sign_value` (
  `id` int NOT NULL AUTO_INCREMENT,
  `name` varchar(255) CHARACTER SET utf8mb4 COLLATE utf8mb4_unicode_ci NOT NULL,
  PRIMARY KEY (`id`)
) ENGINE=InnoDB AUTO_INCREMENT=39 DEFAULT CHARSET=utf8mb4 COLLATE=utf8mb4_unicode_ci;
/*!40101 SET character_set_client = @saved_cs_client */;

--
-- Dumping data for table `clinic_sign_value`
--

LOCK TABLES `clinic_sign_value` WRITE;
/*!40000 ALTER TABLE `clinic_sign_value` DISABLE KEYS */;
INSERT INTO `clinic_sign_value` VALUES (1,'Oui'),(2,'Non'),(3,'NSP'),(4,'Normal'),(5,'Normale'),(6,'Altéré (apathie, stupeur, coma)'),(7,'Désintérêt'),(8,'Hyperexcitabilité'),(9,'Pousser au mur'),(10,'Tête tournée'),(11,'Tête penchée'),(12,'Position assise'),(13,'Décubitus'),(14,'Cyphose'),(15,'Diminué ou absent'),(16,'Normal ou augmenté'),(17,'Déficit ipsilatéral'),(18,'Déficit controlatéral'),(19,'Présente'),(20,'Absente'),(21,'Compulsif (Déambulation, poussé au mur, vocalise, hyperexcitabilité, hagard)'),(22,'Diminuée ou absente'),(23,'Quatre membres'),(24,'État d\'abattement discret à modéré'),(25,'Déambulation'),(26,'Tourne sur le cercle'),(27,'Hémiparésie ipsilatérale'),(28,'Hémiplégie ipsilatérale'),(29,'Tétraparésie'),(30,'Tétraplégie'),(31,'Négatif'),(32,'Positif'),(34,'Axial latéral'),(35,'Ventrolatéral'),(36,'Médial'),(37,'Positionnel ventral'),(38,'Réduite à absente');
/*!40000 ALTER TABLE `clinic_sign_value` ENABLE KEYS */;
UNLOCK TABLES;

--
-- Table structure for table `consultation`
--

DROP TABLE IF EXISTS `consultation`;
/*!40101 SET @saved_cs_client     = @@character_set_client */;
/*!50503 SET character_set_client = utf8mb4 */;
CREATE TABLE `consultation` (
  `id` int NOT NULL AUTO_INCREMENT,
  `reasons_id` int NOT NULL,
  `current_step_id` int DEFAULT NULL,
  `consultation_flow_id` int NOT NULL,
  `symptoms` json DEFAULT NULL,
  `user_id` int NOT NULL,
  `injury_id` int DEFAULT NULL,
  `created_at` datetime NOT NULL COMMENT '(DC2Type:datetime_immutable)',
  PRIMARY KEY (`id`),
  KEY `IDX_964685A6F929F458` (`reasons_id`),
  KEY `IDX_964685A6D9BF9B19` (`current_step_id`),
  KEY `IDX_964685A63BB5FCF9` (`consultation_flow_id`),
  KEY `IDX_964685A6A76ED395` (`user_id`),
  KEY `IDX_964685A6ABA45E9A` (`injury_id`),
  CONSTRAINT `FK_964685A63BB5FCF9` FOREIGN KEY (`consultation_flow_id`) REFERENCES `consultation_flow` (`id`),
  CONSTRAINT `FK_964685A6A76ED395` FOREIGN KEY (`user_id`) REFERENCES `user` (`id`),
  CONSTRAINT `FK_964685A6ABA45E9A` FOREIGN KEY (`injury_id`) REFERENCES `injury` (`id`),
  CONSTRAINT `FK_964685A6D9BF9B19` FOREIGN KEY (`current_step_id`) REFERENCES `examen_step` (`id`),
  CONSTRAINT `FK_964685A6F929F458` FOREIGN KEY (`reasons_id`) REFERENCES `consultation_reason` (`id`)
) ENGINE=InnoDB AUTO_INCREMENT=112 DEFAULT CHARSET=utf8mb4 COLLATE=utf8mb4_unicode_ci;
/*!40101 SET character_set_client = @saved_cs_client */;

--
-- Dumping data for table `consultation`
--

LOCK TABLES `consultation` WRITE;
/*!40000 ALTER TABLE `consultation` DISABLE KEYS */;
INSERT INTO `consultation` VALUES (34,2,29,3,'[]',5,NULL,'2023-06-07 11:56:54'),(35,2,29,3,'[]',5,NULL,'2023-06-07 11:59:18'),(36,2,NULL,3,'{\"3\": {\"examen\": \"Comportement\", \"symptom\": {\"id\": 4, \"name\": \"Normal\"}}}',5,NULL,'2023-06-07 12:02:44'),(37,1,NULL,1,'{\"1\": {\"examen\": \"Etat de conscience\", \"symptom\": {\"id\": 4, \"name\": \"Normal\"}}, \"3\": {\"examen\": \"Comportement\", \"symptom\": {\"id\": 4, \"name\": \"Normal\"}}, \"4\": {\"examen\": \"Posture\", \"symptom\": {\"id\": 10, \"name\": \"Tête tournée\"}}, \"6\": {\"examen\": \"Démarche - Ataxie symétrique des 4 membres\", \"symptom\": {\"id\": 2, \"name\": \"Non\"}}, \"7\": {\"examen\": \"Posture - Tremblements intentionnels tête\", \"symptom\": {\"id\": 1, \"name\": \"Oui\"}}, \"26\": {\"examen\": \"Posture - Trémulations corps\", \"symptom\": {\"id\": 2, \"name\": \"Non\"}}, \"27\": {\"examen\": \"Démarche - Hypermétrie sans parésie\", \"symptom\": {\"id\": 1, \"name\": \"Oui\"}}}',5,NULL,'2023-06-07 12:02:49'),(38,1,NULL,1,'{\"1\": {\"examen\": \"Etat de conscience\", \"symptom\": {\"id\": 4, \"name\": \"Normal\"}}, \"3\": {\"examen\": \"Comportement\", \"symptom\": {\"id\": 4, \"name\": \"Normal\"}}, \"4\": {\"examen\": \"Posture\", \"symptom\": {\"id\": 10, \"name\": \"Tête tournée\"}}, \"6\": {\"examen\": \"Démarche - Ataxie symétrique des 4 membres\", \"symptom\": {\"id\": 1, \"name\": \"Oui\"}}, \"7\": {\"examen\": \"Posture - Tremblements intentionnels tête\", \"symptom\": {\"id\": 2, \"name\": \"Non\"}}, \"15\": {\"examen\": \"Nerf crâniens - Anomalie à examen des nerfs craniens\", \"symptom\": {\"id\": 2, \"name\": \"Non\"}}, \"16\": {\"examen\": \"Autre - Réflexes médullaires\", \"symptom\": {\"id\": 4, \"name\": \"Normal\"}}, \"26\": {\"examen\": \"Posture - Trémulations corps\", \"symptom\": {\"id\": 2, \"name\": \"Non\"}}, \"27\": {\"examen\": \"Démarche - Hypermétrie sans parésie\", \"symptom\": {\"id\": 1, \"name\": \"Oui\"}}, \"28\": {\"examen\": \"Posture - Augmentation du polygone de sustentation\", \"symptom\": {\"id\": 2, \"name\": \"Non\"}}, \"30\": {\"examen\": \"Comportement - Sauf déficit de réponse à la menace\", \"symptom\": {\"id\": 1, \"name\": \"Oui\"}}}',5,3,'2023-06-07 12:03:29'),(39,4,NULL,2,'{\"1\": {\"examen\": \"Etat de conscience\", \"symptom\": {\"id\": 4, \"name\": \"Normal\"}}, \"3\": {\"examen\": \"Comportement\", \"symptom\": {\"id\": 4, \"name\": \"Normal\"}}, \"6\": {\"examen\": \"Démarche - Ataxie symétrique des 4 membres\", \"symptom\": {\"id\": 2, \"name\": \"Non\"}}, \"8\": {\"examen\": \"Démarche - Atteinte des 4 membres\", \"symptom\": {\"id\": 2, \"name\": \"Non\"}}, \"11\": {\"examen\": \"Autre - Tonus musculaire des postérieurs\", \"symptom\": {\"id\": 16, \"name\": \"Normal ou augmenté\"}}, \"12\": {\"examen\": \"Autre - Réflexe de flexion du postérieur\", \"symptom\": {\"id\": 16, \"name\": \"Normal ou augmenté\"}}}',3,9,'2023-06-12 08:07:46'),(40,4,NULL,2,'{\"1\": {\"examen\": \"Etat de conscience\", \"symptom\": {\"id\": 4, \"name\": \"Normal\"}}, \"3\": {\"examen\": \"Comportement\", \"symptom\": {\"id\": 4, \"name\": \"Normal\"}}, \"6\": {\"examen\": \"Démarche - Ataxie symétrique des 4 membres\", \"symptom\": {\"id\": 2, \"name\": \"Non\"}}, \"7\": {\"examen\": \"Posture - Tremblements intentionnels tête\", \"symptom\": {\"id\": 2, \"name\": \"Non\"}}, \"8\": {\"examen\": \"Démarche - Atteinte des 4 membres\", \"symptom\": {\"id\": 2, \"name\": \"Non\"}}, \"11\": {\"examen\": \"Autre - Tonus musculaire des postérieurs\", \"symptom\": {\"id\": 16, \"name\": \"Normal ou augmenté\"}}, \"12\": {\"examen\": \"Autre - Réflexe de flexion du postérieur\", \"symptom\": {\"id\": 16, \"name\": \"Normal ou augmenté\"}}, \"26\": {\"examen\": \"Posture - Trémulations corps\", \"symptom\": {\"id\": 2, \"name\": \"Non\"}}, \"27\": {\"examen\": \"Démarche - Hypermétrie sans parésie\", \"symptom\": {\"id\": 2, \"name\": \"Non\"}}, \"28\": {\"examen\": \"Posture - Augmentation du polygone de sustentation\", \"symptom\": {\"id\": 2, \"name\": \"Non\"}}}',3,9,'2023-06-12 08:19:30'),(41,4,NULL,2,'{\"1\": {\"examen\": \"Etat de conscience\", \"symptom\": {\"id\": 4, \"name\": \"Normal\"}}, \"3\": {\"examen\": \"Comportement\", \"symptom\": {\"id\": 4, \"name\": \"Normal\"}}, \"6\": {\"examen\": \"Démarche - Ataxie symétrique des 4 membres\", \"symptom\": {\"id\": 2, \"name\": \"Non\"}}, \"7\": {\"examen\": \"Posture - Tremblements intentionnels tête\", \"symptom\": {\"id\": 2, \"name\": \"Non\"}}, \"8\": {\"examen\": \"Démarche - Atteinte des 4 membres\", \"symptom\": {\"id\": 2, \"name\": \"Non\"}}, \"11\": {\"examen\": \"Autre - Tonus musculaire des postérieurs\", \"symptom\": {\"id\": 16, \"name\": \"Normal ou augmenté\"}}, \"12\": {\"examen\": \"Autre - Réflexe de flexion du postérieur\", \"symptom\": {\"id\": 16, \"name\": \"Normal ou augmenté\"}}, \"26\": {\"examen\": \"Posture - Trémulations corps\", \"symptom\": {\"id\": 2, \"name\": \"Non\"}}, \"27\": {\"examen\": \"Démarche - Hypermétrie sans parésie\", \"symptom\": {\"id\": 2, \"name\": \"Non\"}}, \"28\": {\"examen\": \"Posture - Augmentation du polygone de sustentation\", \"symptom\": {\"id\": 2, \"name\": \"Non\"}}}',3,9,'2023-06-27 17:23:40'),(42,2,NULL,3,'{\"3\": {\"examen\": \"Comportement\", \"symptom\": {\"id\": 21, \"name\": \"Compulsif (Déambulation, poussé au mur, vocalise, hyperexcitabilité, hagard)\"}}}',3,NULL,'2023-06-27 17:31:17'),(43,7,NULL,5,'{\"1\": {\"examen\": \"Etat de conscience\", \"symptom\": {\"id\": 4, \"name\": \"Normal\"}}, \"10\": {\"examen\": \"Autre - Réflexe de flexion de l\'anterieur\", \"symptom\": {\"id\": 16, \"name\": \"Normal ou augmenté\"}}, \"12\": {\"examen\": \"Autre - Réflexe de flexion du postérieur\", \"symptom\": {\"id\": 16, \"name\": \"Normal ou augmenté\"}}, \"13\": {\"examen\": \"Autre - Réflexe patellaire\", \"symptom\": {\"id\": 16, \"name\": \"Normal ou augmenté\"}}, \"14\": {\"examen\": \"Autre - Réflexe sciatique\", \"symptom\": {\"id\": 16, \"name\": \"Normal ou augmenté\"}}, \"15\": {\"examen\": \"Nerf crâniens - Anomalie à examen des nerfs craniens\", \"symptom\": {\"id\": 1, \"name\": \"Oui\"}}, \"22\": {\"examen\": \"Vision - Nystagmus\", \"symptom\": {\"id\": 1, \"name\": \"Oui\"}}, \"23\": {\"examen\": \"Vision - Strabisme positionnel ventral\", \"symptom\": {\"id\": 1, \"name\": \"Oui\"}}, \"24\": {\"examen\": \"Démarche - Parésie\", \"symptom\": {\"id\": 19, \"name\": \"Présente\"}}, \"25\": {\"examen\": \"Posture - Déficit proprioceptif ipsilatéral\", \"symptom\": {\"id\": 1, \"name\": \"Oui\"}}, \"31\": {\"examen\": \"Démarche - Marche sur le cercle\", \"symptom\": {\"id\": 2, \"name\": \"Non\"}}, \"32\": {\"examen\": \"Démarche - Ataxie\", \"symptom\": {\"id\": 19, \"name\": \"Présente\"}}, \"33\": {\"examen\": \"Reflexe médulaires - Tonus des membres\", \"symptom\": {\"id\": 16, \"name\": \"Normal ou augmenté\"}}}',3,6,'2023-06-27 17:31:36'),(44,4,6,2,'{\"1\": {\"examen\": \"Etat de conscience\", \"symptom\": {\"id\": 4, \"name\": \"Normal\"}}, \"3\": {\"examen\": \"Comportement\", \"symptom\": {\"id\": 4, \"name\": \"Normal\"}}, \"6\": {\"examen\": \"Démarche - Ataxie symétrique des 4 membres\", \"symptom\": {\"id\": 2, \"name\": \"Non\"}}, \"7\": {\"examen\": \"Posture - Tremblements intentionnels tête\", \"symptom\": {\"id\": 2, \"name\": \"Non\"}}, \"8\": {\"examen\": \"Démarche - Atteinte des 4 membres\", \"symptom\": {\"id\": 2, \"name\": \"Non\"}}, \"26\": {\"examen\": \"Posture - Trémulations corps\", \"symptom\": {\"id\": 2, \"name\": \"Non\"}}}',5,NULL,'2023-06-29 09:42:46'),(45,4,NULL,2,'{\"1\": {\"examen\": \"Etat de conscience\", \"symptom\": {\"id\": 4, \"name\": \"Normal\"}}, \"3\": {\"examen\": \"Comportement\", \"symptom\": {\"id\": 4, \"name\": \"Normal\"}}}',3,NULL,'2023-07-01 07:45:10'),(46,4,6,2,'{\"1\": {\"examen\": \"Etat de conscience\", \"symptom\": {\"id\": 4, \"name\": \"Normal\"}}, \"3\": {\"examen\": \"Comportement\", \"symptom\": {\"id\": 4, \"name\": \"Normal\"}}, \"6\": {\"examen\": \"Démarche - Ataxie symétrique des 4 membres\", \"symptom\": {\"id\": 2, \"name\": \"Non\"}}, \"7\": {\"examen\": \"Posture - Tremblements intentionnels tête\", \"symptom\": {\"id\": 2, \"name\": \"Non\"}}, \"26\": {\"examen\": \"Posture - Trémulations corps\", \"symptom\": {\"id\": 2, \"name\": \"Non\"}}, \"27\": {\"examen\": \"Démarche - Hypermétrie sans parésie\", \"symptom\": {\"id\": 2, \"name\": \"Non\"}}, \"28\": {\"examen\": \"Posture - Augmentation du polygone de sustentation\", \"symptom\": {\"id\": 2, \"name\": \"Non\"}}}',3,NULL,'2023-07-01 07:46:33'),(47,4,6,2,'{\"1\": {\"examen\": \"Etat de conscience\", \"symptom\": {\"id\": 4, \"name\": \"Normal\"}}, \"3\": {\"examen\": \"Comportement\", \"symptom\": {\"id\": 4, \"name\": \"Normal\"}}, \"6\": {\"examen\": \"Démarche - Ataxie symétrique des 4 membres\", \"symptom\": {\"id\": 2, \"name\": \"Non\"}}, \"7\": {\"examen\": \"Posture - Tremblements intentionnels tête\", \"symptom\": {\"id\": 2, \"name\": \"Non\"}}, \"26\": {\"examen\": \"Posture - Trémulations corps\", \"symptom\": {\"id\": 2, \"name\": \"Non\"}}, \"27\": {\"examen\": \"Démarche - Hypermétrie sans parésie\", \"symptom\": {\"id\": 2, \"name\": \"Non\"}}, \"28\": {\"examen\": \"Posture - Augmentation du polygone de sustentation\", \"symptom\": {\"id\": 2, \"name\": \"Non\"}}}',3,NULL,'2023-07-01 07:47:30'),(48,4,6,2,'{\"1\": {\"examen\": \"Etat de conscience\", \"symptom\": {\"id\": 4, \"name\": \"Normal\"}}, \"3\": {\"examen\": \"Comportement\", \"symptom\": {\"id\": 4, \"name\": \"Normal\"}}, \"6\": {\"examen\": \"Démarche - Ataxie symétrique des 4 membres\", \"symptom\": {\"id\": 2, \"name\": \"Non\"}}, \"7\": {\"examen\": \"Posture - Tremblements intentionnels tête\", \"symptom\": {\"id\": 2, \"name\": \"Non\"}}, \"26\": {\"examen\": \"Posture - Trémulations corps\", \"symptom\": {\"id\": 2, \"name\": \"Non\"}}, \"27\": {\"examen\": \"Démarche - Hypermétrie sans parésie\", \"symptom\": {\"id\": 2, \"name\": \"Non\"}}, \"28\": {\"examen\": \"Posture - Augmentation du polygone de sustentation\", \"symptom\": {\"id\": 2, \"name\": \"Non\"}}}',3,NULL,'2023-07-01 07:48:58'),(49,4,NULL,2,'{\"1\": {\"examen\": \"Etat de conscience\", \"symptom\": {\"id\": 4, \"name\": \"Normal\"}}, \"3\": {\"examen\": \"Comportement\", \"symptom\": {\"id\": 4, \"name\": \"Normal\"}}, \"6\": {\"examen\": \"Démarche - Ataxie symétrique des 4 membres\", \"symptom\": {\"id\": 2, \"name\": \"Non\"}}, \"7\": {\"examen\": \"Posture - Tremblements intentionnels tête\", \"symptom\": {\"id\": 2, \"name\": \"Non\"}}, \"8\": {\"examen\": \"Démarche - Atteinte des 4 membres\", \"symptom\": {\"id\": 2, \"name\": \"Non\"}}, \"11\": {\"examen\": \"Autre - Tonus musculaire des postérieurs\", \"symptom\": {\"id\": 15, \"name\": \"Diminué ou absent\"}}, \"12\": {\"examen\": \"Autre - Réflexe de flexion du postérieur\", \"symptom\": {\"id\": 15, \"name\": \"Diminué ou absent\"}}, \"13\": {\"examen\": \"Autre - Réflexe patellaire\", \"symptom\": {\"id\": 15, \"name\": \"Diminué ou absent\"}}, \"14\": {\"examen\": \"Autre - Réflexe sciatique\", \"symptom\": {\"id\": 3, \"name\": \"NSP\"}}, \"26\": {\"examen\": \"Posture - Trémulations corps\", \"symptom\": {\"id\": 2, \"name\": \"Non\"}}, \"27\": {\"examen\": \"Démarche - Hypermétrie sans parésie\", \"symptom\": {\"id\": 2, \"name\": \"Non\"}}, \"28\": {\"examen\": \"Posture - Augmentation du polygone de sustentation\", \"symptom\": {\"id\": 2, \"name\": \"Non\"}}, \"34\": {\"examen\": \"Posture - Proprioception\", \"symptom\": {\"id\": 15, \"name\": \"Diminué ou absent\"}}}',3,10,'2023-07-01 07:49:55'),(50,4,NULL,2,'{\"1\": {\"examen\": \"Etat de conscience\", \"symptom\": {\"id\": 4, \"name\": \"Normal\"}}, \"3\": {\"examen\": \"Comportement\", \"symptom\": {\"id\": 4, \"name\": \"Normal\"}}, \"6\": {\"examen\": \"Démarche - Ataxie symétrique des 4 membres\", \"symptom\": {\"id\": 2, \"name\": \"Non\"}}, \"7\": {\"examen\": \"Posture - Tremblements intentionnels tête\", \"symptom\": {\"id\": 2, \"name\": \"Non\"}}, \"8\": {\"examen\": \"Démarche - Atteinte des 4 membres\", \"symptom\": {\"id\": 2, \"name\": \"Non\"}}, \"11\": {\"examen\": \"Autre - Tonus musculaire des postérieurs\", \"symptom\": {\"id\": 16, \"name\": \"Normal ou augmenté\"}}, \"12\": {\"examen\": \"Autre - Réflexe de flexion du postérieur\", \"symptom\": {\"id\": 16, \"name\": \"Normal ou augmenté\"}}, \"13\": {\"examen\": \"Autre - Réflexe patellaire\", \"symptom\": {\"id\": 16, \"name\": \"Normal ou augmenté\"}}, \"14\": {\"examen\": \"Autre - Réflexe sciatique\", \"symptom\": {\"id\": 3, \"name\": \"NSP\"}}, \"27\": {\"examen\": \"Démarche - Hypermétrie sans parésie\", \"symptom\": {\"id\": 2, \"name\": \"Non\"}}, \"28\": {\"examen\": \"Posture - Augmentation du polygone de sustentation\", \"symptom\": {\"id\": 2, \"name\": \"Non\"}}, \"34\": {\"examen\": \"Posture - Proprioception\", \"symptom\": {\"id\": 5, \"name\": \"Normale\"}}}',3,9,'2023-07-01 07:53:23'),(51,4,6,2,'{\"1\": {\"examen\": \"Etat de conscience\", \"symptom\": {\"id\": 4, \"name\": \"Normal\"}}, \"3\": {\"examen\": \"Comportement\", \"symptom\": {\"id\": 4, \"name\": \"Normal\"}}, \"6\": {\"examen\": \"Démarche - Ataxie symétrique des 4 membres\", \"symptom\": {\"id\": 2, \"name\": \"Non\"}}, \"7\": {\"examen\": \"Posture - Tremblements intentionnels tête\", \"symptom\": {\"id\": 2, \"name\": \"Non\"}}, \"26\": {\"examen\": \"Posture - Trémulations corps\", \"symptom\": {\"id\": 2, \"name\": \"Non\"}}, \"27\": {\"examen\": \"Démarche - Hypermétrie sans parésie\", \"symptom\": {\"id\": 2, \"name\": \"Non\"}}, \"28\": {\"examen\": \"Posture - Augmentation du polygone de sustentation\", \"symptom\": {\"id\": 2, \"name\": \"Non\"}}}',3,NULL,'2023-07-01 07:56:33'),(52,4,9,2,'{\"1\": {\"examen\": \"Etat de conscience\", \"symptom\": {\"id\": 4, \"name\": \"Normal\"}}, \"3\": {\"examen\": \"Comportement\", \"symptom\": {\"id\": 4, \"name\": \"Normal\"}}, \"6\": {\"examen\": \"Démarche - Ataxie symétrique des 4 membres\", \"symptom\": {\"id\": 2, \"name\": \"Non\"}}, \"7\": {\"examen\": \"Posture - Tremblements intentionnels tête\", \"symptom\": {\"id\": 2, \"name\": \"Non\"}}, \"8\": {\"examen\": \"Démarche - Atteinte des 4 membres\", \"symptom\": {\"id\": 2, \"name\": \"Non\"}}, \"26\": {\"examen\": \"Posture - Trémulations corps\", \"symptom\": {\"id\": 2, \"name\": \"Non\"}}, \"27\": {\"examen\": \"Démarche - Hypermétrie sans parésie\", \"symptom\": {\"id\": 2, \"name\": \"Non\"}}, \"28\": {\"examen\": \"Posture - Augmentation du polygone de sustentation\", \"symptom\": {\"id\": 2, \"name\": \"Non\"}}, \"34\": {\"examen\": \"Posture - Proprioception\", \"symptom\": {\"id\": 15, \"name\": \"Diminué ou absent\"}}}',3,NULL,'2023-07-01 09:52:32'),(53,4,NULL,2,'{\"1\": {\"examen\": \"Etat de conscience\", \"symptom\": {\"id\": 4, \"name\": \"Normal\"}}, \"3\": {\"examen\": \"Comportement\", \"symptom\": {\"id\": 4, \"name\": \"Normal\"}}, \"6\": {\"examen\": \"Démarche - Ataxie symétrique des 4 membres\", \"symptom\": {\"id\": 2, \"name\": \"Non\"}}, \"7\": {\"examen\": \"Posture - Tremblements intentionnels tête\", \"symptom\": {\"id\": 2, \"name\": \"Non\"}}, \"8\": {\"examen\": \"Démarche - Atteinte des 4 membres\", \"symptom\": {\"id\": 2, \"name\": \"Non\"}}, \"11\": {\"examen\": \"Autre - Tonus musculaire des postérieurs\", \"symptom\": {\"id\": 16, \"name\": \"Normal ou augmenté\"}}, \"12\": {\"examen\": \"Autre - Réflexe de flexion du postérieur\", \"symptom\": {\"id\": 16, \"name\": \"Normal ou augmenté\"}}, \"13\": {\"examen\": \"Autre - Réflexe patellaire\", \"symptom\": {\"id\": 16, \"name\": \"Normal ou augmenté\"}}, \"14\": {\"examen\": \"Autre - Réflexe sciatique\", \"symptom\": {\"id\": 3, \"name\": \"NSP\"}}, \"26\": {\"examen\": \"Posture - Trémulations corps\", \"symptom\": {\"id\": 2, \"name\": \"Non\"}}, \"27\": {\"examen\": \"Démarche - Hypermétrie sans parésie\", \"symptom\": {\"id\": 2, \"name\": \"Non\"}}, \"28\": {\"examen\": \"Posture - Augmentation du polygone de sustentation\", \"symptom\": {\"id\": 2, \"name\": \"Non\"}}, \"34\": {\"examen\": \"Posture - Proprioception\", \"symptom\": {\"id\": 22, \"name\": \"Diminuée ou absente\"}}}',3,9,'2023-07-01 09:57:53'),(54,4,6,2,'{\"1\": {\"examen\": \"Etat de conscience\", \"symptom\": {\"id\": 4, \"name\": \"Normal\"}}, \"3\": {\"examen\": \"Comportement\", \"symptom\": {\"id\": 4, \"name\": \"Normal\"}}, \"6\": {\"examen\": \"Démarche - Ataxie symétrique des 4 membres\", \"symptom\": {\"id\": 2, \"name\": \"Non\"}}, \"7\": {\"examen\": \"Posture - Tremblements intentionnels tête\", \"symptom\": {\"id\": 2, \"name\": \"Non\"}}, \"26\": {\"examen\": \"Posture - Trémulations corps\", \"symptom\": {\"id\": 2, \"name\": \"Non\"}}, \"27\": {\"examen\": \"Démarche - Hypermétrie sans parésie\", \"symptom\": {\"id\": 2, \"name\": \"Non\"}}, \"28\": {\"examen\": \"Posture - Augmentation du polygone de sustentation\", \"symptom\": {\"id\": 2, \"name\": \"Non\"}}}',3,NULL,'2023-07-01 10:46:05'),(55,4,NULL,2,'{\"1\": {\"examen\": \"Etat de conscience\", \"symptom\": {\"id\": 4, \"name\": \"Normal\"}}, \"3\": {\"examen\": \"Comportement\", \"symptom\": {\"id\": 4, \"name\": \"Normal\"}}, \"6\": {\"examen\": \"Démarche - Ataxie symétrique des 4 membres\", \"symptom\": {\"id\": 2, \"name\": \"Non\"}}, \"7\": {\"examen\": \"Posture - Tremblements intentionnels tête\", \"symptom\": {\"id\": 2, \"name\": \"Non\"}}, \"8\": {\"examen\": \"Démarche - Atteinte des 4 membres\", \"symptom\": {\"id\": 2, \"name\": \"Non\"}}, \"11\": {\"examen\": \"Autre - Tonus musculaire des postérieurs\", \"symptom\": {\"id\": 16, \"name\": \"Normal ou augmenté\"}}, \"12\": {\"examen\": \"Autre - Réflexe de flexion du postérieur\", \"symptom\": {\"id\": 16, \"name\": \"Normal ou augmenté\"}}, \"13\": {\"examen\": \"Autre - Réflexe patellaire\", \"symptom\": {\"id\": 16, \"name\": \"Normal ou augmenté\"}}, \"14\": {\"examen\": \"Autre - Réflexe sciatique\", \"symptom\": {\"id\": 3, \"name\": \"NSP\"}}, \"26\": {\"examen\": \"Posture - Trémulations corps\", \"symptom\": {\"id\": 2, \"name\": \"Non\"}}, \"27\": {\"examen\": \"Démarche - Hypermétrie sans parésie\", \"symptom\": {\"id\": 2, \"name\": \"Non\"}}, \"28\": {\"examen\": \"Posture - Augmentation du polygone de sustentation\", \"symptom\": {\"id\": 2, \"name\": \"Non\"}}, \"34\": {\"examen\": \"Posture - Proprioception\", \"symptom\": {\"id\": 22, \"name\": \"Diminuée ou absente\"}}}',3,9,'2023-07-01 10:47:46'),(56,4,46,2,'{\"1\": {\"examen\": \"Etat de conscience\", \"symptom\": {\"id\": 4, \"name\": \"Normal\"}}, \"3\": {\"examen\": \"Comportement\", \"symptom\": {\"id\": 4, \"name\": \"Normal\"}}}',3,NULL,'2023-07-03 08:46:03'),(57,4,46,2,'{\"1\": {\"examen\": \"Etat de conscience\", \"symptom\": {\"id\": 4, \"name\": \"Normal\"}}, \"3\": {\"examen\": \"Comportement\", \"symptom\": {\"id\": 4, \"name\": \"Normal\"}}}',3,NULL,'2023-07-03 08:47:35'),(58,4,46,2,'{\"1\": {\"examen\": \"Etat de conscience\", \"symptom\": {\"id\": 4, \"name\": \"Normal\"}}, \"3\": {\"examen\": \"Comportement\", \"symptom\": {\"id\": 4, \"name\": \"Normal\"}}}',3,NULL,'2023-07-03 18:06:34'),(59,7,NULL,5,'{\"1\": {\"examen\": \"Etat de conscience\", \"symptom\": {\"id\": 4, \"name\": \"Normal\"}}, \"10\": {\"examen\": \"Autre - Réflexe de flexion de l\'anterieur\", \"symptom\": {\"id\": 16, \"name\": \"Normal ou augmenté\"}}, \"12\": {\"examen\": \"Autre - Réflexe de flexion du postérieur\", \"symptom\": {\"id\": 16, \"name\": \"Normal ou augmenté\"}}, \"13\": {\"examen\": \"Autre - Réflexe patellaire\", \"symptom\": {\"id\": 16, \"name\": \"Normal ou augmenté\"}}, \"14\": {\"examen\": \"Autre - Réflexe sciatique\", \"symptom\": {\"id\": 16, \"name\": \"Normal ou augmenté\"}}, \"15\": {\"examen\": \"Nerf crâniens - Anomalie à examen des nerfs craniens\", \"symptom\": {\"id\": 2, \"name\": \"Non\"}}, \"22\": {\"examen\": \"Vision - Nystagmus\", \"symptom\": {\"id\": 1, \"name\": \"Oui\"}}, \"23\": {\"examen\": \"Vision - Strabisme positionnel ventral\", \"symptom\": {\"id\": 1, \"name\": \"Oui\"}}, \"24\": {\"examen\": \"Démarche - Parésie\", \"symptom\": {\"id\": 19, \"name\": \"Présente\"}}, \"25\": {\"examen\": \"Posture - Déficit proprioceptif ipsilatéral\", \"symptom\": {\"id\": 1, \"name\": \"Oui\"}}, \"31\": {\"examen\": \"Démarche - Marche sur le cercle\", \"symptom\": {\"id\": 2, \"name\": \"Non\"}}, \"32\": {\"examen\": \"Démarche - Ataxie\", \"symptom\": {\"id\": 19, \"name\": \"Présente\"}}, \"33\": {\"examen\": \"Reflexe médulaires - Tonus des membres\", \"symptom\": {\"id\": 16, \"name\": \"Normal ou augmenté\"}}}',3,6,'2023-07-07 07:55:31'),(61,2,59,3,'{\"1\": {\"examen\": \"Etat de conscience\", \"symptom\": {\"id\": 6, \"name\": \"Altéré (apathie, stupeur, coma)\"}}, \"2\": {\"examen\": \"Convulsion\", \"symptom\": {\"id\": 3, \"name\": \"NSP\"}}, \"3\": {\"examen\": \"Comportement\", \"symptom\": {\"id\": 21, \"name\": \"Compulsif (Déambulation, poussé au mur, vocalise, hyperexcitabilité, hagard)\"}}, \"4\": {\"examen\": \"Posture\", \"symptom\": {\"id\": 10, \"name\": \"Tête tournée\"}}, \"5\": {\"examen\": \"Posture - Pleurothotonus (=incurvation  latérale du corps)\", \"symptom\": {\"id\": 2, \"name\": \"Non\"}}, \"15\": {\"examen\": \"Nerf crâniens - Anomalie à examen des nerfs craniens\", \"symptom\": {\"id\": 1, \"name\": \"Oui\"}}, \"18\": {\"examen\": \"Autre - Reflexe photomoteurs\", \"symptom\": {\"id\": 4, \"name\": \"Normal\"}}, \"28\": {\"examen\": \"Posture - Augmentation du polygone de sustentation\", \"symptom\": {\"id\": 2, \"name\": \"Non\"}}}',5,NULL,'2023-08-14 08:55:30'),(62,2,NULL,3,'{\"1\": {\"examen\": \"Etat de conscience\", \"symptom\": {\"id\": 6, \"name\": \"Altéré (apathie, stupeur, coma)\"}}, \"2\": {\"examen\": \"Convulsion\", \"symptom\": {\"id\": 3, \"name\": \"NSP\"}}, \"3\": {\"examen\": \"Comportement\", \"symptom\": {\"id\": 21, \"name\": \"Compulsif (Déambulation, poussé au mur, vocalise, hyperexcitabilité, hagard)\"}}, \"4\": {\"examen\": \"Posture\", \"symptom\": {\"id\": 10, \"name\": \"Tête tournée\"}}, \"5\": {\"examen\": \"Posture - Pleurothotonus (=incurvation  latérale du corps)\", \"symptom\": {\"id\": 2, \"name\": \"Non\"}}, \"15\": {\"examen\": \"Nerf crâniens - Anomalie à examen des nerfs craniens\", \"symptom\": {\"id\": 2, \"name\": \"Non\"}}, \"16\": {\"examen\": \"Autre - Réflexes médullaires\", \"symptom\": {\"id\": 4, \"name\": \"Normal\"}}, \"18\": {\"examen\": \"Autre - Reflexe photomoteurs\", \"symptom\": {\"id\": 4, \"name\": \"Normal\"}}, \"19\": {\"examen\": \"Comportement - Réponse à la menace\", \"symptom\": {\"id\": 18, \"name\": \"Déficit controlatéral\"}}, \"21\": {\"examen\": \"Autre - Réflexe palpébral\", \"symptom\": {\"id\": 18, \"name\": \"Déficit controlatéral\"}}, \"28\": {\"examen\": \"Posture - Augmentation du polygone de sustentation\", \"symptom\": {\"id\": 2, \"name\": \"Non\"}}, \"31\": {\"examen\": \"Démarche - Marche sur le cercle\", \"symptom\": {\"id\": 2, \"name\": \"Non\"}}, \"35\": {\"examen\": \"Autre - Perte de sensibilité nasale\", \"symptom\": {\"id\": 18, \"name\": \"Déficit controlatéral\"}}, \"37\": {\"examen\": \"Nerf crâniens - Réflexe cornéen\", \"symptom\": {\"id\": 18, \"name\": \"Déficit controlatéral\"}}, \"38\": {\"examen\": \"Réaction posturale - Placers tactiles réduits (controlatéraux)\", \"symptom\": {\"id\": 1, \"name\": \"Oui\"}}, \"39\": {\"examen\": \"Réaction posturale - Déficit proprioceptif\", \"symptom\": {\"id\": 18, \"name\": \"Déficit controlatéral\"}}, \"40\": {\"examen\": \"Démarche - Déambulation\", \"symptom\": {\"id\": 2, \"name\": \"Non\"}}}',5,NULL,'2023-08-14 09:14:27'),(63,2,NULL,3,'{\"1\": {\"examen\": \"Etat de conscience\", \"symptom\": {\"id\": 6, \"name\": \"Altéré (apathie, stupeur, coma)\"}}, \"2\": {\"examen\": \"Convulsion\", \"symptom\": {\"id\": 3, \"name\": \"NSP\"}}, \"3\": {\"examen\": \"Comportement\", \"symptom\": {\"id\": 21, \"name\": \"Compulsif (Déambulation, poussé au mur, vocalise, hyperexcitabilité, hagard)\"}}, \"4\": {\"examen\": \"Posture\", \"symptom\": {\"id\": 13, \"name\": \"Décubitus\"}}, \"5\": {\"examen\": \"Posture - Pleurothotonus (=incurvation  latérale du corps)\", \"symptom\": {\"id\": 2, \"name\": \"Non\"}}, \"15\": {\"examen\": \"Nerf crâniens - Anomalie à examen des nerfs craniens\", \"symptom\": {\"id\": 1, \"name\": \"Oui\"}}, \"16\": {\"examen\": \"Autre - Réflexes médullaires\", \"symptom\": {\"id\": 4, \"name\": \"Normal\"}}, \"18\": {\"examen\": \"Autre - Reflexe photomoteurs\", \"symptom\": {\"id\": 4, \"name\": \"Normal\"}}, \"19\": {\"examen\": \"Comportement - Réponse à la menace\", \"symptom\": {\"id\": 18, \"name\": \"Déficit controlatéral\"}}, \"20\": {\"examen\": \"Nerf crâniens - Atteinte des autres nerf crâniens\", \"symptom\": {\"id\": 2, \"name\": \"Non\"}}, \"21\": {\"examen\": \"Autre - Réflexe palpébral\", \"symptom\": {\"id\": 18, \"name\": \"Déficit controlatéral\"}}, \"28\": {\"examen\": \"Posture - Augmentation du polygone de sustentation\", \"symptom\": {\"id\": 2, \"name\": \"Non\"}}, \"31\": {\"examen\": \"Démarche - Marche sur le cercle\", \"symptom\": {\"id\": 2, \"name\": \"Non\"}}, \"35\": {\"examen\": \"Autre - Perte de sensibilité nasale\", \"symptom\": {\"id\": 18, \"name\": \"Déficit controlatéral\"}}, \"37\": {\"examen\": \"Nerf crâniens - Réflexe cornéen\", \"symptom\": {\"id\": 18, \"name\": \"Déficit controlatéral\"}}, \"38\": {\"examen\": \"Réaction posturale - Placers tactiles réduits (controlatéraux)\", \"symptom\": {\"id\": 2, \"name\": \"Non\"}}, \"39\": {\"examen\": \"Réaction posturale - Déficit proprioceptif\", \"symptom\": {\"id\": 18, \"name\": \"Déficit controlatéral\"}}, \"40\": {\"examen\": \"Démarche - Déambulation\", \"symptom\": {\"id\": 2, \"name\": \"Non\"}}}',5,4,'2023-08-14 09:22:02'),(64,1,1,1,'[]',5,NULL,'2023-08-14 09:51:31'),(65,7,35,5,'[]',5,NULL,'2023-08-14 09:57:26'),(66,7,35,5,'[]',5,NULL,'2023-08-14 09:57:56'),(67,7,35,5,'[]',5,NULL,'2023-08-14 09:58:34'),(68,7,52,5,'{\"15\": {\"examen\": \"Nerf crâniens - Anomalie à examen des nerfs craniens\", \"symptom\": {\"id\": 1, \"name\": \"Oui\"}}, \"22\": {\"examen\": \"Vision - Nystagmus\", \"symptom\": {\"id\": 1, \"name\": \"Oui\"}}, \"23\": {\"examen\": \"Vision - Strabisme positionnel ventral\", \"symptom\": {\"id\": 1, \"name\": \"Oui\"}}, \"44\": {\"examen\": \"Etat de conscience\", \"symptom\": {\"id\": 6, \"name\": \"Altéré (apathie, stupeur, coma)\"}}}',5,NULL,'2023-08-14 09:59:17'),(69,1,1,1,'[]',5,NULL,'2023-08-14 09:59:26'),(70,7,NULL,5,'{\"10\": {\"examen\": \"Autre - Réflexe de flexion de l\'anterieur\", \"symptom\": {\"id\": 16, \"name\": \"Normal ou augmenté\"}}, \"12\": {\"examen\": \"Autre - Réflexe de flexion du postérieur\", \"symptom\": {\"id\": 16, \"name\": \"Normal ou augmenté\"}}, \"13\": {\"examen\": \"Autre - Réflexe patellaire\", \"symptom\": {\"id\": 16, \"name\": \"Normal ou augmenté\"}}, \"14\": {\"examen\": \"Autre - Réflexe sciatique\", \"symptom\": {\"id\": 16, \"name\": \"Normal ou augmenté\"}}, \"15\": {\"examen\": \"Nerf crâniens - Anomalie à examen des nerfs craniens\", \"symptom\": {\"id\": 1, \"name\": \"Oui\"}}, \"22\": {\"examen\": \"Vision - Nystagmus\", \"symptom\": {\"id\": 1, \"name\": \"Oui\"}}, \"23\": {\"examen\": \"Vision - Strabisme positionnel ventral\", \"symptom\": {\"id\": 1, \"name\": \"Oui\"}}, \"24\": {\"examen\": \"Démarche - Parésie\", \"symptom\": {\"id\": 19, \"name\": \"Présente\"}}, \"31\": {\"examen\": \"Démarche - Marche sur le cercle\", \"symptom\": {\"id\": 1, \"name\": \"Oui\"}}, \"32\": {\"examen\": \"Démarche - Ataxie\", \"symptom\": {\"id\": 19, \"name\": \"Présente\"}}, \"33\": {\"examen\": \"Reflexe médulaires - Tonus des membres\", \"symptom\": {\"id\": 16, \"name\": \"Normal ou augmenté\"}}, \"41\": {\"examen\": \"Réaction posturale - Déficit proprioceptif ipsilatéral ou controlatéral\", \"symptom\": {\"id\": 1, \"name\": \"Oui\"}}, \"42\": {\"examen\": \"Nerf crâniens - Anomalie nerf cranien VII\", \"symptom\": {\"id\": 1, \"name\": \"Oui\"}}, \"43\": {\"examen\": \"Nerf crâniens - Anomalie nerf cranien VIII\", \"symptom\": {\"id\": 1, \"name\": \"Oui\"}}, \"44\": {\"examen\": \"Etat de conscience\", \"symptom\": {\"id\": 6, \"name\": \"Altéré (apathie, stupeur, coma)\"}}}',5,6,'2023-08-14 10:03:39'),(71,7,NULL,5,'{\"10\": {\"examen\": \"Autre - Réflexe de flexion de l\'anterieur\", \"symptom\": {\"id\": 16, \"name\": \"Normal ou augmenté\"}}, \"12\": {\"examen\": \"Autre - Réflexe de flexion du postérieur\", \"symptom\": {\"id\": 16, \"name\": \"Normal ou augmenté\"}}, \"13\": {\"examen\": \"Autre - Réflexe patellaire\", \"symptom\": {\"id\": 16, \"name\": \"Normal ou augmenté\"}}, \"14\": {\"examen\": \"Autre - Réflexe sciatique\", \"symptom\": {\"id\": 16, \"name\": \"Normal ou augmenté\"}}, \"15\": {\"examen\": \"Nerf crâniens - Anomalie à examen des nerfs craniens\", \"symptom\": {\"id\": 2, \"name\": \"Non\"}}, \"22\": {\"examen\": \"Vision - Nystagmus\", \"symptom\": {\"id\": 2, \"name\": \"Non\"}}, \"23\": {\"examen\": \"Vision - Strabisme positionnel ventral\", \"symptom\": {\"id\": 1, \"name\": \"Oui\"}}, \"24\": {\"examen\": \"Démarche - Parésie\", \"symptom\": {\"id\": 3, \"name\": \"NSP\"}}, \"31\": {\"examen\": \"Démarche - Marche sur le cercle\", \"symptom\": {\"id\": 2, \"name\": \"Non\"}}, \"32\": {\"examen\": \"Démarche - Ataxie\", \"symptom\": {\"id\": 19, \"name\": \"Présente\"}}, \"33\": {\"examen\": \"Reflexe médulaires - Tonus des membres\", \"symptom\": {\"id\": 16, \"name\": \"Normal ou augmenté\"}}, \"41\": {\"examen\": \"Réaction posturale - Déficit proprioceptif ipsilatéral ou controlatéral\", \"symptom\": {\"id\": 2, \"name\": \"Non\"}}, \"42\": {\"examen\": \"Nerf crâniens - Anomalie nerf cranien VII\", \"symptom\": {\"id\": 2, \"name\": \"Non\"}}, \"43\": {\"examen\": \"Nerf crâniens - Anomalie nerf cranien VIII\", \"symptom\": {\"id\": 1, \"name\": \"Oui\"}}, \"44\": {\"examen\": \"Etat de conscience\", \"symptom\": {\"id\": 4, \"name\": \"Normal\"}}}',5,7,'2023-08-14 10:12:55'),(72,8,NULL,6,'{\"1\": {\"examen\": \"Etat de conscience\", \"symptom\": {\"id\": 6, \"name\": \"Altéré (apathie, stupeur, coma)\"}}, \"2\": {\"examen\": \"Convulsion\", \"symptom\": {\"id\": 2, \"name\": \"Non\"}}, \"3\": {\"examen\": \"Comportement\", \"symptom\": {\"id\": 4, \"name\": \"Normal\"}}, \"4\": {\"examen\": \"Posture\", \"symptom\": {\"id\": 5, \"name\": \"Normale\"}}, \"15\": {\"examen\": \"Nerf crâniens - Anomalie à examen des nerfs craniens\", \"symptom\": {\"id\": 1, \"name\": \"Oui\"}}, \"18\": {\"examen\": \"Autre - Reflexe photomoteurs\", \"symptom\": {\"id\": 17, \"name\": \"Déficit ipsilatéral\"}}, \"19\": {\"examen\": \"Comportement - Réponse à la menace\", \"symptom\": {\"id\": 17, \"name\": \"Déficit ipsilatéral\"}}, \"21\": {\"examen\": \"Autre - Réflexe palpébral\", \"symptom\": {\"id\": 17, \"name\": \"Déficit ipsilatéral\"}}, \"33\": {\"examen\": \"Reflexe médulaires - Tonus des membres\", \"symptom\": {\"id\": 15, \"name\": \"Diminué ou absent\"}}, \"35\": {\"examen\": \"Autre - Perte de sensibilité nasale\", \"symptom\": {\"id\": 17, \"name\": \"Déficit ipsilatéral\"}}, \"37\": {\"examen\": \"Nerf crâniens - Réflexe cornéen\", \"symptom\": {\"id\": 17, \"name\": \"Déficit ipsilatéral\"}}, \"39\": {\"examen\": \"Réaction posturale - Déficit proprioceptif\", \"symptom\": {\"id\": 17, \"name\": \"Déficit ipsilatéral\"}}, \"45\": {\"examen\": \"Nerf crâniens - Symétrie de la face\", \"symptom\": {\"id\": 2, \"name\": \"Non\"}}, \"46\": {\"examen\": \"Démarche\", \"symptom\": {\"id\": 5, \"name\": \"Normale\"}}}',5,5,'2023-08-28 09:12:21'),(73,8,NULL,6,'{\"1\": {\"examen\": \"Etat de conscience\", \"symptom\": {\"id\": 4, \"name\": \"Normal\"}}, \"3\": {\"examen\": \"Comportement\", \"symptom\": {\"id\": 4, \"name\": \"Normal\"}}}',3,NULL,'2023-08-29 08:02:32'),(74,1,NULL,1,'{\"1\": {\"examen\": \"Etat de conscience\", \"symptom\": {\"id\": 4, \"name\": \"Normal\"}}, \"3\": {\"examen\": \"Comportement\", \"symptom\": {\"id\": 4, \"name\": \"Normal\"}}, \"4\": {\"examen\": \"Posture\", \"symptom\": {\"id\": 5, \"name\": \"Normale\"}}, \"6\": {\"examen\": \"Démarche - Ataxie symétrique des 4 membres\", \"symptom\": {\"id\": 1, \"name\": \"Oui\"}}, \"7\": {\"examen\": \"Posture - Tremblements intentionnels tête\", \"symptom\": {\"id\": 1, \"name\": \"Oui\"}}, \"15\": {\"examen\": \"Nerf crâniens - Anomalie à examen des nerfs craniens\", \"symptom\": {\"id\": 2, \"name\": \"Non\"}}, \"16\": {\"examen\": \"Autre - Réflexes médullaires\", \"symptom\": {\"id\": 4, \"name\": \"Normal\"}}, \"26\": {\"examen\": \"Posture - Trémulations corps\", \"symptom\": {\"id\": 2, \"name\": \"Non\"}}, \"27\": {\"examen\": \"Démarche - Hypermétrie sans parésie\", \"symptom\": {\"id\": 1, \"name\": \"Oui\"}}, \"28\": {\"examen\": \"Posture - Augmentation du polygone de sustentation\", \"symptom\": {\"id\": 2, \"name\": \"Non\"}}, \"30\": {\"examen\": \"Comportement - Sauf déficit de réponse à la menace\", \"symptom\": {\"id\": 1, \"name\": \"Oui\"}}}',3,3,'2023-08-29 09:05:17'),(75,4,NULL,2,'{\"1\": {\"examen\": \"Etat de conscience\", \"symptom\": {\"id\": 4, \"name\": \"Normal\"}}, \"3\": {\"examen\": \"Comportement\", \"symptom\": {\"id\": 4, \"name\": \"Normal\"}}, \"6\": {\"examen\": \"Démarche - Ataxie symétrique des 4 membres\", \"symptom\": {\"id\": 2, \"name\": \"Non\"}}, \"7\": {\"examen\": \"Posture - Tremblements intentionnels tête\", \"symptom\": {\"id\": 2, \"name\": \"Non\"}}, \"8\": {\"examen\": \"Démarche - Atteinte des 4 membres\", \"symptom\": {\"id\": 1, \"name\": \"Oui\"}}, \"9\": {\"examen\": \"Autre - Tonus musculaire des anterieurs\", \"symptom\": {\"id\": 16, \"name\": \"Normal ou augmenté\"}}, \"10\": {\"examen\": \"Autre - Réflexe de flexion de l\'antérieur\", \"symptom\": {\"id\": 16, \"name\": \"Normal ou augmenté\"}}, \"11\": {\"examen\": \"Autre - Tonus musculaire des postérieurs\", \"symptom\": {\"id\": 16, \"name\": \"Normal ou augmenté\"}}, \"12\": {\"examen\": \"Autre - Réflexe de flexion du postérieur\", \"symptom\": {\"id\": 16, \"name\": \"Normal ou augmenté\"}}, \"13\": {\"examen\": \"Autre - Réflexe patellaire\", \"symptom\": {\"id\": 16, \"name\": \"Normal ou augmenté\"}}, \"14\": {\"examen\": \"Autre - Réflexe sciatique\", \"symptom\": {\"id\": 16, \"name\": \"Normal ou augmenté\"}}, \"26\": {\"examen\": \"Posture - Trémulations corps\", \"symptom\": {\"id\": 2, \"name\": \"Non\"}}, \"27\": {\"examen\": \"Démarche - Hypermétrie sans parésie\", \"symptom\": {\"id\": 2, \"name\": \"Non\"}}, \"28\": {\"examen\": \"Posture - Augmentation du polygone de sustentation\", \"symptom\": {\"id\": 2, \"name\": \"Non\"}}, \"34\": {\"examen\": \"Réaction posturale - Proprioception\", \"symptom\": {\"id\": 22, \"name\": \"Diminuée ou absente\"}}}',3,2,'2023-08-29 09:31:57'),(76,7,NULL,5,'{\"10\": {\"examen\": \"Autre - Réflexe de flexion de l\'antérieur\", \"symptom\": {\"id\": 16, \"name\": \"Normal ou augmenté\"}}, \"12\": {\"examen\": \"Autre - Réflexe de flexion du postérieur\", \"symptom\": {\"id\": 16, \"name\": \"Normal ou augmenté\"}}, \"13\": {\"examen\": \"Autre - Réflexe patellaire\", \"symptom\": {\"id\": 16, \"name\": \"Normal ou augmenté\"}}, \"14\": {\"examen\": \"Autre - Réflexe sciatique\", \"symptom\": {\"id\": 16, \"name\": \"Normal ou augmenté\"}}, \"15\": {\"examen\": \"Nerfs crâniens - Anomalie à l\'examen des nerfs crâniens\", \"symptom\": {\"id\": 2, \"name\": \"Non\"}}, \"22\": {\"examen\": \"Vision - Nystagmus\", \"symptom\": {\"id\": 1, \"name\": \"Oui\"}}, \"23\": {\"examen\": \"Vision - Strabisme positionnel ventral\", \"symptom\": {\"id\": 1, \"name\": \"Oui\"}}, \"24\": {\"examen\": \"Démarche - Parésie\", \"symptom\": {\"id\": 20, \"name\": \"Absente\"}}, \"31\": {\"examen\": \"Démarche - Marche sur le cercle\", \"symptom\": {\"id\": 2, \"name\": \"Non\"}}, \"32\": {\"examen\": \"Démarche - Ataxie\", \"symptom\": {\"id\": 19, \"name\": \"Présente\"}}, \"33\": {\"examen\": \"Réflexes médullaires - Tonus des membres\", \"symptom\": {\"id\": 16, \"name\": \"Normal ou augmenté\"}}, \"41\": {\"examen\": \"Réactions posturales - Déficit proprioceptif ipsilatéral ou controlatéral\", \"symptom\": {\"id\": 2, \"name\": \"Non\"}}, \"42\": {\"examen\": \"Nerfs crâniens - Anomalie nerf crânien VII\", \"symptom\": {\"id\": 2, \"name\": \"Non\"}}, \"43\": {\"examen\": \"Nerfs crâniens - Anomalie nerf crânien VIII\", \"symptom\": {\"id\": 1, \"name\": \"Oui\"}}, \"44\": {\"examen\": \"Etat de conscience\", \"symptom\": {\"id\": 4, \"name\": \"Normal\"}}}',3,7,'2023-08-29 09:39:10'),(77,7,NULL,5,'{\"10\": {\"examen\": \"Autre - Réflexe de flexion de l\'antérieur\", \"symptom\": {\"id\": 16, \"name\": \"Normal ou augmenté\"}}, \"12\": {\"examen\": \"Autre - Réflexe de flexion du postérieur\", \"symptom\": {\"id\": 16, \"name\": \"Normal ou augmenté\"}}, \"13\": {\"examen\": \"Autre - Réflexe patellaire\", \"symptom\": {\"id\": 16, \"name\": \"Normal ou augmenté\"}}, \"14\": {\"examen\": \"Autre - Réflexe sciatique\", \"symptom\": {\"id\": 16, \"name\": \"Normal ou augmenté\"}}, \"15\": {\"examen\": \"Nerfs crâniens - Anomalie à l\'examen des nerfs crâniens\", \"symptom\": {\"id\": 1, \"name\": \"Oui\"}}, \"22\": {\"examen\": \"Vision - Nystagmus\", \"symptom\": {\"id\": 1, \"name\": \"Oui\"}}, \"23\": {\"examen\": \"Vision - Strabisme positionnel ventral\", \"symptom\": {\"id\": 1, \"name\": \"Oui\"}}, \"24\": {\"examen\": \"Démarche - Parésie\", \"symptom\": {\"id\": 19, \"name\": \"Présente\"}}, \"31\": {\"examen\": \"Démarche - Marche sur le cercle\", \"symptom\": {\"id\": 2, \"name\": \"Non\"}}, \"32\": {\"examen\": \"Démarche - Ataxie\", \"symptom\": {\"id\": 19, \"name\": \"Présente\"}}, \"33\": {\"examen\": \"Réflexes médullaires - Tonus des membres\", \"symptom\": {\"id\": 16, \"name\": \"Normal ou augmenté\"}}, \"41\": {\"examen\": \"Réactions posturales - Déficit proprioceptif ipsilatéral ou controlatéral\", \"symptom\": {\"id\": 1, \"name\": \"Oui\"}}, \"42\": {\"examen\": \"Nerfs crâniens - Anomalie nerf crânien VII\", \"symptom\": {\"id\": 1, \"name\": \"Oui\"}}, \"43\": {\"examen\": \"Nerfs crâniens - Anomalie nerf crânien VIII\", \"symptom\": {\"id\": 1, \"name\": \"Oui\"}}, \"44\": {\"examen\": \"Etat de conscience\", \"symptom\": {\"id\": 6, \"name\": \"Altéré (apathie, stupeur, coma)\"}}}',3,6,'2023-08-30 16:28:09'),(78,6,NULL,4,'{\"1\": {\"examen\": \"Etat de conscience\", \"symptom\": {\"id\": 4, \"name\": \"Normal\"}}, \"2\": {\"examen\": \"Convulsion\", \"symptom\": {\"id\": 2, \"name\": \"Non\"}}}',3,NULL,'2023-08-30 16:32:04'),(79,1,47,1,'{\"1\": {\"examen\": \"Etat de conscience\", \"symptom\": {\"id\": 4, \"name\": \"Normal\"}}, \"3\": {\"examen\": \"Comportement\", \"symptom\": {\"id\": 4, \"name\": \"Normal\"}}}',3,NULL,'2023-08-30 16:32:35'),(80,1,NULL,1,'{\"1\": {\"examen\": \"Etat de conscience\", \"symptom\": {\"id\": 4, \"name\": \"Normal\"}}, \"3\": {\"examen\": \"Comportement\", \"symptom\": {\"id\": 4, \"name\": \"Normal\"}}, \"6\": {\"examen\": \"Démarche - Ataxie symétrique des 4 membres\", \"symptom\": {\"id\": 3, \"name\": \"NSP\"}}, \"7\": {\"examen\": \"Posture - Tremblements intentionnels tête\", \"symptom\": {\"id\": 1, \"name\": \"Oui\"}}, \"15\": {\"examen\": \"Nerfs crâniens - Anomalie à l\'examen des nerfs crâniens\", \"symptom\": {\"id\": 2, \"name\": \"Non\"}}, \"16\": {\"examen\": \"Autre - Réflexes médullaires\", \"symptom\": {\"id\": 4, \"name\": \"Normal\"}}, \"26\": {\"examen\": \"Posture - Trémulations corps\", \"symptom\": {\"id\": 1, \"name\": \"Oui\"}}, \"27\": {\"examen\": \"Démarche - Hypermétrie sans parésie\", \"symptom\": {\"id\": 1, \"name\": \"Oui\"}}, \"28\": {\"examen\": \"Posture - Augmentation du polygone de sustentation\", \"symptom\": {\"id\": 1, \"name\": \"Oui\"}}, \"30\": {\"examen\": \"Comportement - Sauf déficit de réponse à la menace\", \"symptom\": {\"id\": 2, \"name\": \"Non\"}}}',3,NULL,'2023-08-30 16:35:36'),(81,2,NULL,3,'{\"1\": {\"examen\": \"Etat de conscience\", \"symptom\": {\"id\": 6, \"name\": \"Altéré (apathie, stupeur, coma)\"}}, \"2\": {\"examen\": \"Convulsion\", \"symptom\": {\"id\": 1, \"name\": \"Oui\"}}, \"3\": {\"examen\": \"Comportement\", \"symptom\": {\"id\": 21, \"name\": \"Compulsif (Déambulation, poussé au mur, vocalise, hyperexcitabilité, hagard)\"}}, \"4\": {\"examen\": \"Posture\", \"symptom\": {\"id\": 13, \"name\": \"Décubitus\"}}, \"5\": {\"examen\": \"Posture - Pleurothotonus (=incurvation  latérale du corps)\", \"symptom\": {\"id\": 2, \"name\": \"Non\"}}, \"15\": {\"examen\": \"Nerfs crâniens - Anomalie à l\'examen des nerfs crâniens\", \"symptom\": {\"id\": 1, \"name\": \"Oui\"}}, \"18\": {\"examen\": \"Autre - Réflexes photomoteurs\", \"symptom\": {\"id\": 4, \"name\": \"Normal\"}}, \"19\": {\"examen\": \"Nerfs crâniens - Réponse à la menace\", \"symptom\": {\"id\": 4, \"name\": \"Normal\"}}, \"21\": {\"examen\": \"Autre - Réflexe palpébral\", \"symptom\": {\"id\": 4, \"name\": \"Normal\"}}, \"28\": {\"examen\": \"Posture - Augmentation du polygone de sustentation\", \"symptom\": {\"id\": 3, \"name\": \"NSP\"}}, \"35\": {\"examen\": \"Autre - Perte de sensibilité nasale\", \"symptom\": {\"id\": 4, \"name\": \"Normal\"}}, \"37\": {\"examen\": \"Nerfs crâniens - Réflexe cornéen\", \"symptom\": {\"id\": 4, \"name\": \"Normal\"}}}',6,NULL,'2023-08-31 16:45:02'),(82,4,NULL,2,'{\"1\": {\"examen\": \"Etat de conscience\", \"symptom\": {\"id\": 4, \"name\": \"Normal\"}}, \"3\": {\"examen\": \"Comportement\", \"symptom\": {\"id\": 4, \"name\": \"Normal\"}}, \"6\": {\"examen\": \"Démarche - Ataxie symétrique des 4 membres\", \"symptom\": {\"id\": 2, \"name\": \"Non\"}}, \"7\": {\"examen\": \"Posture - Tremblements intentionnels tête\", \"symptom\": {\"id\": 2, \"name\": \"Non\"}}, \"8\": {\"examen\": \"Démarche - Atteinte des 4 membres\", \"symptom\": {\"id\": 2, \"name\": \"Non\"}}, \"11\": {\"examen\": \"Autre - Tonus musculaire des postérieurs\", \"symptom\": {\"id\": 15, \"name\": \"Diminué ou absent\"}}, \"12\": {\"examen\": \"Autre - Réflexe de flexion du postérieur\", \"symptom\": {\"id\": 3, \"name\": \"NSP\"}}, \"13\": {\"examen\": \"Autre - Réflexe patellaire\", \"symptom\": {\"id\": 3, \"name\": \"NSP\"}}, \"14\": {\"examen\": \"Autre - Réflexe sciatique\", \"symptom\": {\"id\": 3, \"name\": \"NSP\"}}, \"26\": {\"examen\": \"Posture - Trémulations corps\", \"symptom\": {\"id\": 2, \"name\": \"Non\"}}, \"27\": {\"examen\": \"Démarche - Hypermétrie sans parésie\", \"symptom\": {\"id\": 2, \"name\": \"Non\"}}, \"28\": {\"examen\": \"Posture - Augmentation du polygone de sustentation\", \"symptom\": {\"id\": 1, \"name\": \"Oui\"}}, \"34\": {\"examen\": \"Réactions posturales - Proprioception\", \"symptom\": {\"id\": 22, \"name\": \"Diminuée ou absente\"}}}',6,NULL,'2023-08-31 16:50:53'),(83,7,NULL,5,'{\"10\": {\"examen\": \"Autre - Réflexe de flexion de l\'antérieur\", \"symptom\": {\"id\": 16, \"name\": \"Normal ou augmenté\"}}, \"12\": {\"examen\": \"Autre - Réflexe de flexion du postérieur\", \"symptom\": {\"id\": 16, \"name\": \"Normal ou augmenté\"}}, \"13\": {\"examen\": \"Autre - Réflexe patellaire\", \"symptom\": {\"id\": 16, \"name\": \"Normal ou augmenté\"}}, \"14\": {\"examen\": \"Autre - Réflexe sciatique\", \"symptom\": {\"id\": 16, \"name\": \"Normal ou augmenté\"}}, \"15\": {\"examen\": \"Nerfs crâniens - Anomalie à l\'examen des nerfs crâniens\", \"symptom\": {\"id\": 2, \"name\": \"Non\"}}, \"22\": {\"examen\": \"Vision - Nystagmus\", \"symptom\": {\"id\": 1, \"name\": \"Oui\"}}, \"23\": {\"examen\": \"Vision - Strabisme positionnel ventral\", \"symptom\": {\"id\": 2, \"name\": \"Non\"}}, \"24\": {\"examen\": \"Démarche - Parésie\", \"symptom\": {\"id\": 20, \"name\": \"Absente\"}}, \"31\": {\"examen\": \"Démarche - Marche sur le cercle\", \"symptom\": {\"id\": 3, \"name\": \"NSP\"}}, \"32\": {\"examen\": \"Démarche - Ataxie\", \"symptom\": {\"id\": 19, \"name\": \"Présente\"}}, \"33\": {\"examen\": \"Réflexes médullaires - Tonus des membres\", \"symptom\": {\"id\": 16, \"name\": \"Normal ou augmenté\"}}, \"41\": {\"examen\": \"Réactions posturales - Déficit proprioceptif ipsilatéral ou controlatéral\", \"symptom\": {\"id\": 2, \"name\": \"Non\"}}, \"42\": {\"examen\": \"Nerfs crâniens - Anomalie nerf crânien VII\", \"symptom\": {\"id\": 2, \"name\": \"Non\"}}, \"43\": {\"examen\": \"Nerfs crâniens - Anomalie nerf crânien VIII\", \"symptom\": {\"id\": 2, \"name\": \"Non\"}}, \"44\": {\"examen\": \"Etat de conscience\", \"symptom\": {\"id\": 4, \"name\": \"Normal\"}}}',6,NULL,'2023-08-31 17:57:24'),(84,2,NULL,3,'{\"1\": {\"examen\": \"Etat de conscience\", \"symptom\": {\"id\": 6, \"name\": \"Altéré (apathie, stupeur, coma)\"}}, \"2\": {\"examen\": \"Convulsion\", \"symptom\": {\"id\": 1, \"name\": \"Oui\"}}, \"3\": {\"examen\": \"Comportement\", \"symptom\": {\"id\": 21, \"name\": \"Compulsif (Déambulation, poussé au mur, vocalise, hyperexcitabilité, hagard)\"}}, \"4\": {\"examen\": \"Posture\", \"symptom\": {\"id\": 5, \"name\": \"Normale\"}}, \"5\": {\"examen\": \"Posture - Pleurothotonus (=incurvation  latérale du corps)\", \"symptom\": {\"id\": 1, \"name\": \"Oui\"}}, \"15\": {\"examen\": \"Nerfs crâniens - Anomalie à l\'examen des nerfs crâniens\", \"symptom\": {\"id\": 1, \"name\": \"Oui\"}}, \"16\": {\"examen\": \"Autre - Réflexes médullaires\", \"symptom\": {\"id\": 4, \"name\": \"Normal\"}}, \"18\": {\"examen\": \"Autre - Réflexes photomoteurs\", \"symptom\": {\"id\": 4, \"name\": \"Normal\"}}, \"19\": {\"examen\": \"Nerfs crâniens - Réponse à la menace\", \"symptom\": {\"id\": 18, \"name\": \"Déficit controlatéral\"}}, \"20\": {\"examen\": \"Nerfs crâniens - Atteinte des autres nerfs crâniens\", \"symptom\": {\"id\": 2, \"name\": \"Non\"}}, \"21\": {\"examen\": \"Autre - Réflexe palpébral\", \"symptom\": {\"id\": 18, \"name\": \"Déficit controlatéral\"}}, \"28\": {\"examen\": \"Posture - Augmentation du polygone de sustentation\", \"symptom\": {\"id\": 1, \"name\": \"Oui\"}}, \"31\": {\"examen\": \"Démarche - Marche sur le cercle\", \"symptom\": {\"id\": 2, \"name\": \"Non\"}}, \"35\": {\"examen\": \"Autre - Perte de sensibilité nasale\", \"symptom\": {\"id\": 18, \"name\": \"Déficit controlatéral\"}}, \"37\": {\"examen\": \"Nerfs crâniens - Réflexe cornéen\", \"symptom\": {\"id\": 18, \"name\": \"Déficit controlatéral\"}}, \"38\": {\"examen\": \"Réactions posturales - Placers tactiles réduits (controlatéraux)\", \"symptom\": {\"id\": 1, \"name\": \"Oui\"}}, \"39\": {\"examen\": \"Réactions posturales - Déficit proprioceptif\", \"symptom\": {\"id\": 2, \"name\": \"Non\"}}, \"40\": {\"examen\": \"Démarche - Déambulation\", \"symptom\": {\"id\": 1, \"name\": \"Oui\"}}}',6,4,'2023-08-31 18:46:26'),(85,1,NULL,1,'{\"1\": {\"examen\": \"Etat de conscience\", \"symptom\": {\"id\": 4, \"name\": \"Normal\"}}, \"4\": {\"examen\": \"Posture\", \"symptom\": {\"id\": 12, \"name\": \"Position assise\"}}, \"6\": {\"examen\": \"Démarche - Ataxie symétrique des 4 membres\", \"symptom\": {\"id\": 2, \"name\": \"Non\"}}, \"7\": {\"examen\": \"Posture - Tremblements intentionnels tête\", \"symptom\": {\"id\": 2, \"name\": \"Non\"}}, \"15\": {\"examen\": \"Nerfs crâniens - Anomalie à l\'examen des nerfs crâniens\", \"symptom\": {\"id\": 2, \"name\": \"Non\"}}, \"16\": {\"examen\": \"Autre - Réflexes médullaires\", \"symptom\": {\"id\": 3, \"name\": \"NSP\"}}, \"30\": {\"examen\": \"Comportement - Sauf déficit de réponse à la menace\", \"symptom\": {\"id\": 3, \"name\": \"NSP\"}}}',5,NULL,'2023-08-31 18:55:36'),(86,4,NULL,2,'{\"1\": {\"examen\": \"Etat de conscience\", \"symptom\": {\"id\": 4, \"name\": \"Normal\"}}, \"3\": {\"examen\": \"Comportement\", \"symptom\": {\"id\": 4, \"name\": \"Normal\"}}, \"6\": {\"examen\": \"Démarche - Ataxie symétrique des 4 membres\", \"symptom\": {\"id\": 2, \"name\": \"Non\"}}, \"7\": {\"examen\": \"Posture - Tremblements intentionnels tête\", \"symptom\": {\"id\": 2, \"name\": \"Non\"}}, \"8\": {\"examen\": \"Démarche - Atteinte des 4 membres\", \"symptom\": {\"id\": 1, \"name\": \"Oui\"}}, \"9\": {\"examen\": \"Autre - Tonus musculaire des anterieurs\", \"symptom\": {\"id\": 16, \"name\": \"Normal ou augmenté\"}}, \"10\": {\"examen\": \"Autre - Réflexe de flexion de l\'antérieur\", \"symptom\": {\"id\": 16, \"name\": \"Normal ou augmenté\"}}, \"11\": {\"examen\": \"Autre - Tonus musculaire des postérieurs\", \"symptom\": {\"id\": 16, \"name\": \"Normal ou augmenté\"}}, \"12\": {\"examen\": \"Autre - Réflexe de flexion du postérieur\", \"symptom\": {\"id\": 16, \"name\": \"Normal ou augmenté\"}}, \"13\": {\"examen\": \"Autre - Réflexe patellaire\", \"symptom\": {\"id\": 16, \"name\": \"Normal ou augmenté\"}}, \"14\": {\"examen\": \"Autre - Réflexe sciatique\", \"symptom\": {\"id\": 16, \"name\": \"Normal ou augmenté\"}}, \"26\": {\"examen\": \"Posture - Trémulations corps\", \"symptom\": {\"id\": 2, \"name\": \"Non\"}}, \"27\": {\"examen\": \"Démarche - Hypermétrie sans parésie\", \"symptom\": {\"id\": 2, \"name\": \"Non\"}}, \"28\": {\"examen\": \"Posture - Augmentation du polygone de sustentation\", \"symptom\": {\"id\": 1, \"name\": \"Oui\"}}, \"34\": {\"examen\": \"Réactions posturales - Proprioception\", \"symptom\": {\"id\": 22, \"name\": \"Diminuée ou absente\"}}}',6,2,'2023-08-31 19:04:07'),(87,4,4,2,'[]',6,NULL,'2023-08-31 19:15:26'),(88,8,NULL,6,'{\"1\": {\"examen\": \"Etat de conscience\", \"symptom\": {\"id\": 4, \"name\": \"Normal\"}}, \"3\": {\"examen\": \"Comportement\", \"symptom\": {\"id\": 4, \"name\": \"Normal\"}}, \"22\": {\"examen\": \"Vision - Nystagmus\", \"symptom\": {\"id\": 3, \"name\": \"NSP\"}}, \"35\": {\"examen\": \"Autre - Perte de sensibilité nasale\", \"symptom\": {\"id\": 4, \"name\": \"Normal\"}}, \"45\": {\"examen\": \"Nerfs crâniens - Symétrie de la face\", \"symptom\": {\"id\": 3, \"name\": \"NSP\"}}, \"47\": {\"examen\": \"Odorat - Test à l\'alcool\", \"symptom\": {\"id\": 31, \"name\": \"Négatif\"}}, \"48\": {\"examen\": \"Nerfs crâniens - Réponse à la menace (diminuée ou absente)\", \"symptom\": {\"id\": 2, \"name\": \"Non\"}}, \"49\": {\"examen\": \"Nerfs crâniens - Test à la boule de coton\", \"symptom\": {\"id\": 3, \"name\": \"NSP\"}}, \"50\": {\"examen\": \"Nerfs crâniens - Réflexe photomoteur - direct / indirect\", \"symptom\": {\"id\": 3, \"name\": \"NSP\"}}, \"51\": {\"examen\": \"Nerfs crâniens - Réflexe oculocéphalique\", \"symptom\": {\"id\": 3, \"name\": \"NSP\"}}, \"52\": {\"examen\": \"Nerfs crâniens - Réflexe cornéen diminué ou absent\", \"symptom\": {\"id\": 3, \"name\": \"NSP\"}}, \"53\": {\"examen\": \"Nerfs crâniens - Tonus de la mâchoire\", \"symptom\": {\"id\": 3, \"name\": \"NSP\"}}, \"55\": {\"examen\": \"Nerfs crâniens - Test de Schirmer (sécheresse occulaire)\", \"symptom\": {\"id\": 3, \"name\": \"NSP\"}}, \"56\": {\"examen\": \"Nerfs crâniens - Réflexe palpébral diminué ou absent\", \"symptom\": {\"id\": 3, \"name\": \"NSP\"}}, \"57\": {\"examen\": \"Vision - Strabisme\", \"symptom\": {\"id\": 3, \"name\": \"NSP\"}}, \"58\": {\"examen\": \"Vision - Déficit de rétraction du globe\", \"symptom\": {\"id\": 3, \"name\": \"NSP\"}}, \"59\": {\"examen\": \"Nerfs crâniens - Anisocorie\", \"symptom\": {\"id\": 3, \"name\": \"NSP\"}}, \"60\": {\"examen\": \"Nerfs crâniens - Sensibilité de la face\", \"symptom\": {\"id\": 3, \"name\": \"NSP\"}}, \"61\": {\"examen\": \"Nerfs crâniens - Test de rétraction de la langue\", \"symptom\": {\"id\": 3, \"name\": \"NSP\"}}, \"62\": {\"examen\": \"Nerfs crâniens - Tête penchée\", \"symptom\": {\"id\": 3, \"name\": \"NSP\"}}, \"63\": {\"examen\": \"Nerfs crâniens - Dysphagie\", \"symptom\": {\"id\": 3, \"name\": \"NSP\"}}, \"64\": {\"examen\": \"Nerfs crâniens - Réflexe de déglutition diminué ou absent\", \"symptom\": {\"id\": 3, \"name\": \"NSP\"}}}',5,13,'2023-09-06 11:10:29'),(89,8,NULL,6,'{\"1\": {\"examen\": \"Etat de conscience\", \"symptom\": {\"id\": 4, \"name\": \"Normal\"}}, \"3\": {\"examen\": \"Comportement\", \"symptom\": {\"id\": 4, \"name\": \"Normal\"}}, \"22\": {\"examen\": \"Vision - Nystagmus\", \"symptom\": {\"id\": 3, \"name\": \"NSP\"}}, \"35\": {\"examen\": \"Autre - Perte de sensibilité nasale\", \"symptom\": {\"id\": 4, \"name\": \"Normal\"}}, \"45\": {\"examen\": \"Nerfs crâniens - Symétrie de la face\", \"symptom\": {\"id\": 3, \"name\": \"NSP\"}}, \"47\": {\"examen\": \"Odorat - Test à l\'alcool\", \"symptom\": {\"id\": 3, \"name\": \"NSP\"}}, \"48\": {\"examen\": \"Nerfs crâniens - Réponse à la menace (diminuée ou absente)\", \"symptom\": {\"id\": 1, \"name\": \"Oui\"}}, \"49\": {\"examen\": \"Nerfs crâniens - Test à la boule de coton\", \"symptom\": {\"id\": 31, \"name\": \"Négatif\"}}, \"50\": {\"examen\": \"Nerfs crâniens - Réflexe photomoteur - direct / indirect\", \"symptom\": {\"id\": 4, \"name\": \"Normal\"}}, \"51\": {\"examen\": \"Nerfs crâniens - Réflexe oculocéphalique\", \"symptom\": {\"id\": 3, \"name\": \"NSP\"}}, \"52\": {\"examen\": \"Nerfs crâniens - Réflexe cornéen diminué ou absent\", \"symptom\": {\"id\": 3, \"name\": \"NSP\"}}, \"53\": {\"examen\": \"Nerfs crâniens - Tonus de la mâchoire\", \"symptom\": {\"id\": 3, \"name\": \"NSP\"}}, \"55\": {\"examen\": \"Nerfs crâniens - Test de Schirmer (sécheresse occulaire)\", \"symptom\": {\"id\": 3, \"name\": \"NSP\"}}, \"56\": {\"examen\": \"Nerfs crâniens - Réflexe palpébral diminué ou absent\", \"symptom\": {\"id\": 3, \"name\": \"NSP\"}}, \"57\": {\"examen\": \"Vision - Strabisme\", \"symptom\": {\"id\": 3, \"name\": \"NSP\"}}, \"58\": {\"examen\": \"Vision - Déficit de rétraction du globe\", \"symptom\": {\"id\": 3, \"name\": \"NSP\"}}, \"59\": {\"examen\": \"Nerfs crâniens - Anisocorie\", \"symptom\": {\"id\": 3, \"name\": \"NSP\"}}, \"60\": {\"examen\": \"Nerfs crâniens - Sensibilité de la face\", \"symptom\": {\"id\": 3, \"name\": \"NSP\"}}, \"61\": {\"examen\": \"Nerfs crâniens - Test de rétraction de la langue\", \"symptom\": {\"id\": 3, \"name\": \"NSP\"}}, \"62\": {\"examen\": \"Nerfs crâniens - Tête penchée\", \"symptom\": {\"id\": 3, \"name\": \"NSP\"}}, \"63\": {\"examen\": \"Nerfs crâniens - Dysphagie\", \"symptom\": {\"id\": 3, \"name\": \"NSP\"}}, \"64\": {\"examen\": \"Nerfs crâniens - Réflexe de déglutition diminué ou absent\", \"symptom\": {\"id\": 3, \"name\": \"NSP\"}}}',5,14,'2023-09-06 11:18:30'),(90,8,NULL,6,'{\"1\": {\"examen\": \"Etat de conscience\", \"symptom\": {\"id\": 4, \"name\": \"Normal\"}}, \"3\": {\"examen\": \"Comportement\", \"symptom\": {\"id\": 4, \"name\": \"Normal\"}}, \"22\": {\"examen\": \"Vision - Nystagmus\", \"symptom\": {\"id\": 3, \"name\": \"NSP\"}}, \"35\": {\"examen\": \"Autre - Perte de sensibilité nasale\", \"symptom\": {\"id\": 4, \"name\": \"Normal\"}}, \"45\": {\"examen\": \"Nerfs crâniens - Symétrie de la face\", \"symptom\": {\"id\": 3, \"name\": \"NSP\"}}, \"47\": {\"examen\": \"Odorat - Test à l\'alcool\", \"symptom\": {\"id\": 3, \"name\": \"NSP\"}}, \"48\": {\"examen\": \"Nerfs crâniens - Réponse à la menace (diminuée ou absente)\", \"symptom\": {\"id\": 3, \"name\": \"NSP\"}}, \"49\": {\"examen\": \"Nerfs crâniens - Test à la boule de coton\", \"symptom\": {\"id\": 3, \"name\": \"NSP\"}}, \"50\": {\"examen\": \"Nerfs crâniens - Réflexe photomoteur - direct / indirect\", \"symptom\": {\"id\": 3, \"name\": \"NSP\"}}, \"51\": {\"examen\": \"Nerfs crâniens - Réflexe oculocéphalique\", \"symptom\": {\"id\": 15, \"name\": \"Diminué ou absent\"}}, \"52\": {\"examen\": \"Nerfs crâniens - Réflexe cornéen diminué ou absent\", \"symptom\": {\"id\": 1, \"name\": \"Oui\"}}, \"53\": {\"examen\": \"Nerfs crâniens - Tonus de la mâchoire\", \"symptom\": {\"id\": 3, \"name\": \"NSP\"}}, \"55\": {\"examen\": \"Nerfs crâniens - Test de Schirmer (sécheresse occulaire)\", \"symptom\": {\"id\": 3, \"name\": \"NSP\"}}, \"56\": {\"examen\": \"Nerfs crâniens - Réflexe palpébral diminué ou absent\", \"symptom\": {\"id\": 3, \"name\": \"NSP\"}}, \"57\": {\"examen\": \"Vision - Strabisme\", \"symptom\": {\"id\": 35, \"name\": \"Ventrolatéral\"}}, \"58\": {\"examen\": \"Vision - Déficit de rétraction du globe\", \"symptom\": {\"id\": 1, \"name\": \"Oui\"}}, \"59\": {\"examen\": \"Nerfs crâniens - Anisocorie\", \"symptom\": {\"id\": 1, \"name\": \"Oui\"}}, \"60\": {\"examen\": \"Nerfs crâniens - Sensibilité de la face\", \"symptom\": {\"id\": 3, \"name\": \"NSP\"}}, \"61\": {\"examen\": \"Nerfs crâniens - Test de rétraction de la langue\", \"symptom\": {\"id\": 3, \"name\": \"NSP\"}}, \"62\": {\"examen\": \"Nerfs crâniens - Tête penchée\", \"symptom\": {\"id\": 3, \"name\": \"NSP\"}}, \"63\": {\"examen\": \"Nerfs crâniens - Dysphagie\", \"symptom\": {\"id\": 3, \"name\": \"NSP\"}}, \"64\": {\"examen\": \"Nerfs crâniens - Réflexe de déglutition diminué ou absent\", \"symptom\": {\"id\": 3, \"name\": \"NSP\"}}}',5,15,'2023-09-06 11:20:23'),(91,8,NULL,6,'{\"1\": {\"examen\": \"Etat de conscience\", \"symptom\": {\"id\": 4, \"name\": \"Normal\"}}, \"3\": {\"examen\": \"Comportement\", \"symptom\": {\"id\": 4, \"name\": \"Normal\"}}, \"45\": {\"examen\": \"Nerfs crâniens - Symétrie de la face\", \"symptom\": {\"id\": 3, \"name\": \"NSP\"}}, \"47\": {\"examen\": \"Odorat - Test à l\'alcool\", \"symptom\": {\"id\": 3, \"name\": \"NSP\"}}, \"51\": {\"examen\": \"Nerfs crâniens - Réflexe oculocéphalique\", \"symptom\": {\"id\": 15, \"name\": \"Diminué ou absent\"}}, \"53\": {\"examen\": \"Nerfs crâniens - Tonus de la mâchoire\", \"symptom\": {\"id\": 3, \"name\": \"NSP\"}}, \"55\": {\"examen\": \"Nerfs crâniens - Test de Schirmer (sécheresse occulaire)\", \"symptom\": {\"id\": 3, \"name\": \"NSP\"}}, \"57\": {\"examen\": \"Vision - Strabisme\", \"symptom\": {\"id\": 34, \"name\": \"Axial latéral\"}}, \"59\": {\"examen\": \"Nerfs crâniens - Anisocorie\", \"symptom\": {\"id\": 3, \"name\": \"NSP\"}}, \"60\": {\"examen\": \"Nerfs crâniens - Sensibilité de la face\", \"symptom\": {\"id\": 3, \"name\": \"NSP\"}}, \"62\": {\"examen\": \"Nerfs crâniens - Tête penchée\", \"symptom\": {\"id\": 3, \"name\": \"NSP\"}}}',5,16,'2023-09-06 11:22:23'),(92,8,NULL,6,'{\"1\": {\"examen\": \"Etat de conscience\", \"symptom\": {\"id\": 4, \"name\": \"Normal\"}}, \"3\": {\"examen\": \"Comportement\", \"symptom\": {\"id\": 4, \"name\": \"Normal\"}}, \"22\": {\"examen\": \"Vision - Nystagmus\", \"symptom\": {\"id\": 3, \"name\": \"NSP\"}}, \"35\": {\"examen\": \"Autre - Perte de sensibilité nasale\", \"symptom\": {\"id\": 4, \"name\": \"Normal\"}}, \"45\": {\"examen\": \"Nerfs crâniens - Symétrie de la face\", \"symptom\": {\"id\": 2, \"name\": \"Non\"}}, \"48\": {\"examen\": \"Nerfs crâniens - Réponse à la menace (diminuée ou absente)\", \"symptom\": {\"id\": 3, \"name\": \"NSP\"}}, \"49\": {\"examen\": \"Nerfs crâniens - Test à la boule de coton\", \"symptom\": {\"id\": 3, \"name\": \"NSP\"}}, \"50\": {\"examen\": \"Nerfs crâniens - Réflexe photomoteur - direct / indirect\", \"symptom\": {\"id\": 3, \"name\": \"NSP\"}}, \"51\": {\"examen\": \"Nerfs crâniens - Réflexe oculocéphalique\", \"symptom\": {\"id\": 3, \"name\": \"NSP\"}}, \"52\": {\"examen\": \"Nerfs crâniens - Réflexe cornéen diminué ou absent\", \"symptom\": {\"id\": 1, \"name\": \"Oui\"}}, \"53\": {\"examen\": \"Nerfs crâniens - Tonus de la mâchoire\", \"symptom\": {\"id\": 15, \"name\": \"Diminué ou absent\"}}, \"55\": {\"examen\": \"Nerfs crâniens - Test de Schirmer (sécheresse occulaire)\", \"symptom\": {\"id\": 31, \"name\": \"Négatif\"}}, \"56\": {\"examen\": \"Nerfs crâniens - Réflexe palpébral diminué ou absent\", \"symptom\": {\"id\": 1, \"name\": \"Oui\"}}, \"57\": {\"examen\": \"Vision - Strabisme\", \"symptom\": {\"id\": 3, \"name\": \"NSP\"}}, \"60\": {\"examen\": \"Nerfs crâniens - Sensibilité de la face\", \"symptom\": {\"id\": 38, \"name\": \"Réduite à absente\"}}, \"61\": {\"examen\": \"Nerfs crâniens - Test de rétraction de la langue\", \"symptom\": {\"id\": 3, \"name\": \"NSP\"}}, \"63\": {\"examen\": \"Nerfs crâniens - Dysphagie\", \"symptom\": {\"id\": 1, \"name\": \"Oui\"}}}',5,17,'2023-09-06 11:23:17'),(93,8,NULL,6,'{\"1\": {\"examen\": \"Etat de conscience\", \"symptom\": {\"id\": 4, \"name\": \"Normal\"}}, \"3\": {\"examen\": \"Comportement\", \"symptom\": {\"id\": 4, \"name\": \"Normal\"}}, \"22\": {\"examen\": \"Vision - Nystagmus\", \"symptom\": {\"id\": 3, \"name\": \"NSP\"}}, \"45\": {\"examen\": \"Nerfs crâniens - Symétrie de la face\", \"symptom\": {\"id\": 3, \"name\": \"NSP\"}}, \"48\": {\"examen\": \"Nerfs crâniens - Réponse à la menace (diminuée ou absente)\", \"symptom\": {\"id\": 3, \"name\": \"NSP\"}}, \"49\": {\"examen\": \"Nerfs crâniens - Test à la boule de coton\", \"symptom\": {\"id\": 3, \"name\": \"NSP\"}}, \"50\": {\"examen\": \"Nerfs crâniens - Réflexe photomoteur - direct / indirect\", \"symptom\": {\"id\": 4, \"name\": \"Normal\"}}, \"51\": {\"examen\": \"Nerfs crâniens - Réflexe oculocéphalique\", \"symptom\": {\"id\": 15, \"name\": \"Diminué ou absent\"}}, \"52\": {\"examen\": \"Nerfs crâniens - Réflexe cornéen diminué ou absent\", \"symptom\": {\"id\": 1, \"name\": \"Oui\"}}, \"53\": {\"examen\": \"Nerfs crâniens - Tonus de la mâchoire\", \"symptom\": {\"id\": 3, \"name\": \"NSP\"}}, \"57\": {\"examen\": \"Vision - Strabisme\", \"symptom\": {\"id\": 36, \"name\": \"Médial\"}}, \"58\": {\"examen\": \"Vision - Déficit de rétraction du globe\", \"symptom\": {\"id\": 1, \"name\": \"Oui\"}}, \"59\": {\"examen\": \"Nerfs crâniens - Anisocorie\", \"symptom\": {\"id\": 3, \"name\": \"NSP\"}}, \"63\": {\"examen\": \"Nerfs crâniens - Dysphagie\", \"symptom\": {\"id\": 3, \"name\": \"NSP\"}}}',5,18,'2023-09-06 11:24:58'),(94,8,NULL,6,'{\"1\": {\"examen\": \"Etat de conscience\", \"symptom\": {\"id\": 4, \"name\": \"Normal\"}}, \"3\": {\"examen\": \"Comportement\", \"symptom\": {\"id\": 4, \"name\": \"Normal\"}}, \"35\": {\"examen\": \"Autre - Perte de sensibilité nasale\", \"symptom\": {\"id\": 4, \"name\": \"Normal\"}}, \"45\": {\"examen\": \"Nerfs crâniens - Symétrie de la face\", \"symptom\": {\"id\": 3, \"name\": \"NSP\"}}, \"47\": {\"examen\": \"Odorat - Test à l\'alcool\", \"symptom\": {\"id\": 3, \"name\": \"NSP\"}}, \"48\": {\"examen\": \"Nerfs crâniens - Réponse à la menace (diminuée ou absente)\", \"symptom\": {\"id\": 1, \"name\": \"Oui\"}}, \"49\": {\"examen\": \"Nerfs crâniens - Test à la boule de coton\", \"symptom\": {\"id\": 31, \"name\": \"Négatif\"}}, \"50\": {\"examen\": \"Nerfs crâniens - Réflexe photomoteur - direct / indirect\", \"symptom\": {\"id\": 3, \"name\": \"NSP\"}}, \"52\": {\"examen\": \"Nerfs crâniens - Réflexe cornéen diminué ou absent\", \"symptom\": {\"id\": 1, \"name\": \"Oui\"}}, \"53\": {\"examen\": \"Nerfs crâniens - Tonus de la mâchoire\", \"symptom\": {\"id\": 15, \"name\": \"Diminué ou absent\"}}, \"55\": {\"examen\": \"Nerfs crâniens - Test de Schirmer (sécheresse occulaire)\", \"symptom\": {\"id\": 31, \"name\": \"Négatif\"}}, \"56\": {\"examen\": \"Nerfs crâniens - Réflexe palpébral diminué ou absent\", \"symptom\": {\"id\": 1, \"name\": \"Oui\"}}, \"57\": {\"examen\": \"Vision - Strabisme\", \"symptom\": {\"id\": 3, \"name\": \"NSP\"}}, \"59\": {\"examen\": \"Nerfs crâniens - Anisocorie\", \"symptom\": {\"id\": 3, \"name\": \"NSP\"}}, \"60\": {\"examen\": \"Nerfs crâniens - Sensibilité de la face\", \"symptom\": {\"id\": 38, \"name\": \"Réduite à absente\"}}, \"61\": {\"examen\": \"Nerfs crâniens - Test de rétraction de la langue\", \"symptom\": {\"id\": 31, \"name\": \"Négatif\"}}, \"64\": {\"examen\": \"Nerfs crâniens - Réflexe de déglutition diminué ou absent\", \"symptom\": {\"id\": 1, \"name\": \"Oui\"}}}',5,19,'2023-09-06 11:26:21'),(95,8,NULL,6,'{\"1\": {\"examen\": \"Etat de conscience\", \"symptom\": {\"id\": 4, \"name\": \"Normal\"}}, \"3\": {\"examen\": \"Comportement\", \"symptom\": {\"id\": 4, \"name\": \"Normal\"}}, \"22\": {\"examen\": \"Vision - Nystagmus\", \"symptom\": {\"id\": 1, \"name\": \"Oui\"}}, \"48\": {\"examen\": \"Nerfs crâniens - Réponse à la menace (diminuée ou absente)\", \"symptom\": {\"id\": 3, \"name\": \"NSP\"}}, \"51\": {\"examen\": \"Nerfs crâniens - Réflexe oculocéphalique\", \"symptom\": {\"id\": 15, \"name\": \"Diminué ou absent\"}}, \"52\": {\"examen\": \"Nerfs crâniens - Réflexe cornéen diminué ou absent\", \"symptom\": {\"id\": 3, \"name\": \"NSP\"}}, \"56\": {\"examen\": \"Nerfs crâniens - Réflexe palpébral diminué ou absent\", \"symptom\": {\"id\": 3, \"name\": \"NSP\"}}, \"57\": {\"examen\": \"Vision - Strabisme\", \"symptom\": {\"id\": 37, \"name\": \"Positionnel ventral\"}}, \"61\": {\"examen\": \"Nerfs crâniens - Test de rétraction de la langue\", \"symptom\": {\"id\": 3, \"name\": \"NSP\"}}, \"62\": {\"examen\": \"Nerfs crâniens - Tête penchée\", \"symptom\": {\"id\": 1, \"name\": \"Oui\"}}, \"63\": {\"examen\": \"Nerfs crâniens - Dysphagie\", \"symptom\": {\"id\": 2, \"name\": \"Non\"}}, \"64\": {\"examen\": \"Nerfs crâniens - Réflexe de déglutition diminué ou absent\", \"symptom\": {\"id\": 3, \"name\": \"NSP\"}}}',5,20,'2023-09-06 11:27:55'),(96,8,NULL,6,'{\"1\": {\"examen\": \"Etat de conscience\", \"symptom\": {\"id\": 4, \"name\": \"Normal\"}}, \"3\": {\"examen\": \"Comportement\", \"symptom\": {\"id\": 4, \"name\": \"Normal\"}}, \"63\": {\"examen\": \"Nerfs crâniens - Dysphagie\", \"symptom\": {\"id\": 1, \"name\": \"Oui\"}}, \"64\": {\"examen\": \"Nerfs crâniens - Réflexe de déglutition diminué ou absent\", \"symptom\": {\"id\": 1, \"name\": \"Oui\"}}}',5,21,'2023-09-06 11:28:51'),(97,8,NULL,6,'{\"1\": {\"examen\": \"Etat de conscience\", \"symptom\": {\"id\": 4, \"name\": \"Normal\"}}, \"3\": {\"examen\": \"Comportement\", \"symptom\": {\"id\": 4, \"name\": \"Normal\"}}, \"35\": {\"examen\": \"Autre - Perte de sensibilité nasale\", \"symptom\": {\"id\": 4, \"name\": \"Normal\"}}, \"45\": {\"examen\": \"Nerfs crâniens - Symétrie de la face\", \"symptom\": {\"id\": 3, \"name\": \"NSP\"}}, \"48\": {\"examen\": \"Nerfs crâniens - Réponse à la menace (diminuée ou absente)\", \"symptom\": {\"id\": 3, \"name\": \"NSP\"}}, \"49\": {\"examen\": \"Nerfs crâniens - Test à la boule de coton\", \"symptom\": {\"id\": 3, \"name\": \"NSP\"}}, \"51\": {\"examen\": \"Nerfs crâniens - Réflexe oculocéphalique\", \"symptom\": {\"id\": 3, \"name\": \"NSP\"}}, \"59\": {\"examen\": \"Nerfs crâniens - Anisocorie\", \"symptom\": {\"id\": 3, \"name\": \"NSP\"}}, \"61\": {\"examen\": \"Nerfs crâniens - Test de rétraction de la langue\", \"symptom\": {\"id\": 31, \"name\": \"Négatif\"}}, \"62\": {\"examen\": \"Nerfs crâniens - Tête penchée\", \"symptom\": {\"id\": 3, \"name\": \"NSP\"}}, \"63\": {\"examen\": \"Nerfs crâniens - Dysphagie\", \"symptom\": {\"id\": 3, \"name\": \"NSP\"}}, \"64\": {\"examen\": \"Nerfs crâniens - Réflexe de déglutition diminué ou absent\", \"symptom\": {\"id\": 1, \"name\": \"Oui\"}}}',5,24,'2023-09-06 11:32:50'),(98,8,NULL,6,'{\"1\": {\"examen\": \"Etat de conscience\", \"symptom\": {\"id\": 4, \"name\": \"Normal\"}}, \"3\": {\"examen\": \"Comportement\", \"symptom\": {\"id\": 4, \"name\": \"Normal\"}}, \"48\": {\"examen\": \"Nerfs crâniens - Réponse à la menace (diminuée ou absente)\", \"symptom\": {\"id\": 2, \"name\": \"Non\"}}, \"49\": {\"examen\": \"Nerfs crâniens - Test à la boule de coton\", \"symptom\": {\"id\": 31, \"name\": \"Négatif\"}}}',5,NULL,'2023-09-06 11:37:12'),(99,1,1,1,'[]',3,NULL,'2023-09-06 14:20:34'),(100,1,NULL,1,'{\"1\": {\"examen\": \"Etat de conscience\", \"symptom\": {\"id\": 4, \"name\": \"Normal\"}}, \"3\": {\"examen\": \"Comportement\", \"symptom\": {\"id\": 4, \"name\": \"Normal\"}}, \"4\": {\"examen\": \"Posture\", \"symptom\": {\"id\": 10, \"name\": \"Tête tournée\"}}, \"6\": {\"examen\": \"Démarche - Ataxie symétrique des 4 membres\", \"symptom\": {\"id\": 1, \"name\": \"Oui\"}}, \"7\": {\"examen\": \"Posture - Tremblements intentionnels tête\", \"symptom\": {\"id\": 1, \"name\": \"Oui\"}}, \"15\": {\"examen\": \"Nerfs crâniens - Anomalie à l\'examen des nerfs crâniens\", \"symptom\": {\"id\": 2, \"name\": \"Non\"}}, \"16\": {\"examen\": \"Autre - Réflexes médullaires\", \"symptom\": {\"id\": 4, \"name\": \"Normal\"}}, \"26\": {\"examen\": \"Posture - Trémulations corps\", \"symptom\": {\"id\": 3, \"name\": \"NSP\"}}, \"27\": {\"examen\": \"Démarche - Hypermétrie sans parésie\", \"symptom\": {\"id\": 2, \"name\": \"Non\"}}, \"28\": {\"examen\": \"Posture - Augmentation du polygone de sustentation\", \"symptom\": {\"id\": 1, \"name\": \"Oui\"}}, \"30\": {\"examen\": \"Comportement - Sauf déficit de réponse à la menace\", \"symptom\": {\"id\": 1, \"name\": \"Oui\"}}}',3,3,'2023-09-06 14:22:00'),(101,2,NULL,3,'{\"1\": {\"examen\": \"Etat de conscience\", \"symptom\": {\"id\": 4, \"name\": \"Normal\"}}, \"2\": {\"examen\": \"Convulsion\", \"symptom\": {\"id\": 2, \"name\": \"Non\"}}, \"3\": {\"examen\": \"Comportement\", \"symptom\": {\"id\": 21, \"name\": \"Compulsif (Déambulation, poussé au mur, vocalise, hyperexcitabilité, hagard)\"}}, \"4\": {\"examen\": \"Posture\", \"symptom\": {\"id\": 10, \"name\": \"Tête tournée\"}}, \"5\": {\"examen\": \"Posture - Pleurothotonus (=incurvation  latérale du corps)\", \"symptom\": {\"id\": 1, \"name\": \"Oui\"}}, \"15\": {\"examen\": \"Nerfs crâniens - Anomalie à l\'examen des nerfs crâniens\", \"symptom\": {\"id\": 1, \"name\": \"Oui\"}}, \"16\": {\"examen\": \"Autre - Réflexes médullaires\", \"symptom\": {\"id\": 4, \"name\": \"Normal\"}}, \"18\": {\"examen\": \"Autre - Réflexes photomoteurs\", \"symptom\": {\"id\": 4, \"name\": \"Normal\"}}, \"19\": {\"examen\": \"Nerfs crâniens - Réponse à la menace\", \"symptom\": {\"id\": 18, \"name\": \"Déficit controlatéral\"}}, \"20\": {\"examen\": \"Nerfs crâniens - Atteinte des autres nerfs crâniens\", \"symptom\": {\"id\": 2, \"name\": \"Non\"}}, \"21\": {\"examen\": \"Autre - Réflexe palpébral\", \"symptom\": {\"id\": 18, \"name\": \"Déficit controlatéral\"}}, \"28\": {\"examen\": \"Posture - Augmentation du polygone de sustentation\", \"symptom\": {\"id\": 2, \"name\": \"Non\"}}, \"31\": {\"examen\": \"Démarche - Marche sur le cercle\", \"symptom\": {\"id\": 1, \"name\": \"Oui\"}}, \"35\": {\"examen\": \"Autre - Perte de sensibilité nasale\", \"symptom\": {\"id\": 18, \"name\": \"Déficit controlatéral\"}}, \"37\": {\"examen\": \"Nerfs crâniens - Réflexe cornéen\", \"symptom\": {\"id\": 18, \"name\": \"Déficit controlatéral\"}}, \"38\": {\"examen\": \"Réactions posturales - Placers tactiles réduits (controlatéraux)\", \"symptom\": {\"id\": 1, \"name\": \"Oui\"}}, \"39\": {\"examen\": \"Réactions posturales - Déficit proprioceptif\", \"symptom\": {\"id\": 18, \"name\": \"Déficit controlatéral\"}}, \"40\": {\"examen\": \"Démarche - Déambulation\", \"symptom\": {\"id\": 1, \"name\": \"Oui\"}}}',3,4,'2023-09-06 14:36:00'),(102,2,NULL,3,'{\"1\": {\"examen\": \"Etat de conscience\", \"symptom\": {\"id\": 4, \"name\": \"Normal\"}}, \"2\": {\"examen\": \"Convulsion\", \"symptom\": {\"id\": 1, \"name\": \"Oui\"}}, \"3\": {\"examen\": \"Comportement\", \"symptom\": {\"id\": 21, \"name\": \"Compulsif (Déambulation, poussé au mur, vocalise, hyperexcitabilité, hagard)\"}}, \"4\": {\"examen\": \"Posture\", \"symptom\": {\"id\": 3, \"name\": \"NSP\"}}, \"5\": {\"examen\": \"Posture - Pleurothotonus (=incurvation  latérale du corps)\", \"symptom\": {\"id\": 1, \"name\": \"Oui\"}}, \"15\": {\"examen\": \"Nerfs crâniens - Anomalie à l\'examen des nerfs crâniens\", \"symptom\": {\"id\": 1, \"name\": \"Oui\"}}, \"16\": {\"examen\": \"Autre - Réflexes médullaires\", \"symptom\": {\"id\": 4, \"name\": \"Normal\"}}, \"18\": {\"examen\": \"Autre - Réflexes photomoteurs\", \"symptom\": {\"id\": 4, \"name\": \"Normal\"}}, \"19\": {\"examen\": \"Nerfs crâniens - Réponse à la menace\", \"symptom\": {\"id\": 18, \"name\": \"Déficit controlatéral\"}}, \"20\": {\"examen\": \"Nerfs crâniens - Atteinte des autres nerfs crâniens\", \"symptom\": {\"id\": 2, \"name\": \"Non\"}}, \"21\": {\"examen\": \"Autre - Réflexe palpébral\", \"symptom\": {\"id\": 18, \"name\": \"Déficit controlatéral\"}}, \"28\": {\"examen\": \"Posture - Augmentation du polygone de sustentation\", \"symptom\": {\"id\": 2, \"name\": \"Non\"}}, \"31\": {\"examen\": \"Démarche - Marche sur le cercle\", \"symptom\": {\"id\": 1, \"name\": \"Oui\"}}, \"35\": {\"examen\": \"Autre - Perte de sensibilité nasale\", \"symptom\": {\"id\": 18, \"name\": \"Déficit controlatéral\"}}, \"37\": {\"examen\": \"Nerfs crâniens - Réflexe cornéen\", \"symptom\": {\"id\": 18, \"name\": \"Déficit controlatéral\"}}, \"38\": {\"examen\": \"Réactions posturales - Placers tactiles réduits (controlatéraux)\", \"symptom\": {\"id\": 2, \"name\": \"Non\"}}, \"39\": {\"examen\": \"Réactions posturales - Déficit proprioceptif\", \"symptom\": {\"id\": 18, \"name\": \"Déficit controlatéral\"}}, \"40\": {\"examen\": \"Démarche - Déambulation\", \"symptom\": {\"id\": 1, \"name\": \"Oui\"}}}',3,4,'2023-09-06 14:43:45'),(103,4,NULL,2,'{\"1\": {\"examen\": \"Etat de conscience\", \"symptom\": {\"id\": 4, \"name\": \"Normal\"}}, \"3\": {\"examen\": \"Comportement\", \"symptom\": {\"id\": 4, \"name\": \"Normal\"}}, \"6\": {\"examen\": \"Démarche - Ataxie symétrique des 4 membres\", \"symptom\": {\"id\": 2, \"name\": \"Non\"}}, \"7\": {\"examen\": \"Posture - Tremblements intentionnels tête\", \"symptom\": {\"id\": 2, \"name\": \"Non\"}}, \"8\": {\"examen\": \"Démarche - Atteinte des 4 membres\", \"symptom\": {\"id\": 1, \"name\": \"Oui\"}}, \"9\": {\"examen\": \"Autre - Tonus musculaire des antérieurs\", \"symptom\": {\"id\": 16, \"name\": \"Normal ou augmenté\"}}, \"10\": {\"examen\": \"Autre - Réflexe de flexion de l\'antérieur\", \"symptom\": {\"id\": 16, \"name\": \"Normal ou augmenté\"}}, \"11\": {\"examen\": \"Autre - Tonus musculaire des postérieurs\", \"symptom\": {\"id\": 16, \"name\": \"Normal ou augmenté\"}}, \"12\": {\"examen\": \"Autre - Réflexe de flexion du postérieur\", \"symptom\": {\"id\": 16, \"name\": \"Normal ou augmenté\"}}, \"13\": {\"examen\": \"Autre - Réflexe patellaire\", \"symptom\": {\"id\": 16, \"name\": \"Normal ou augmenté\"}}, \"14\": {\"examen\": \"Autre - Réflexe sciatique\", \"symptom\": {\"id\": 16, \"name\": \"Normal ou augmenté\"}}, \"26\": {\"examen\": \"Posture - Trémulations corps\", \"symptom\": {\"id\": 2, \"name\": \"Non\"}}, \"27\": {\"examen\": \"Démarche - Hypermétrie sans parésie\", \"symptom\": {\"id\": 2, \"name\": \"Non\"}}, \"28\": {\"examen\": \"Posture - Augmentation du polygone de sustentation\", \"symptom\": {\"id\": 2, \"name\": \"Non\"}}, \"34\": {\"examen\": \"Réactions posturales - Proprioception\", \"symptom\": {\"id\": 22, \"name\": \"Diminuée ou absente\"}}}',3,2,'2023-09-06 14:49:52'),(104,7,NULL,5,'{\"10\": {\"examen\": \"Autre - Réflexe de flexion de l\'antérieur\", \"symptom\": {\"id\": 3, \"name\": \"NSP\"}}, \"12\": {\"examen\": \"Autre - Réflexe de flexion du postérieur\", \"symptom\": {\"id\": 3, \"name\": \"NSP\"}}, \"13\": {\"examen\": \"Autre - Réflexe patellaire\", \"symptom\": {\"id\": 3, \"name\": \"NSP\"}}, \"14\": {\"examen\": \"Autre - Réflexe sciatique\", \"symptom\": {\"id\": 3, \"name\": \"NSP\"}}, \"15\": {\"examen\": \"Nerfs crâniens - Anomalie à l\'examen des nerfs crâniens\", \"symptom\": {\"id\": 2, \"name\": \"Non\"}}, \"22\": {\"examen\": \"Vision - Nystagmus\", \"symptom\": {\"id\": 1, \"name\": \"Oui\"}}, \"23\": {\"examen\": \"Vision - Strabisme positionnel ventral\", \"symptom\": {\"id\": 1, \"name\": \"Oui\"}}, \"24\": {\"examen\": \"Démarche - Parésie\", \"symptom\": {\"id\": 19, \"name\": \"Présente\"}}, \"31\": {\"examen\": \"Démarche - Marche sur le cercle\", \"symptom\": {\"id\": 2, \"name\": \"Non\"}}, \"32\": {\"examen\": \"Démarche - Ataxie\", \"symptom\": {\"id\": 19, \"name\": \"Présente\"}}, \"33\": {\"examen\": \"Réflexes médullaires - Tonus des membres\", \"symptom\": {\"id\": 3, \"name\": \"NSP\"}}, \"41\": {\"examen\": \"Réactions posturales - Déficit proprioceptif ipsilatéral ou controlatéral\", \"symptom\": {\"id\": 2, \"name\": \"Non\"}}, \"42\": {\"examen\": \"Nerfs crâniens - Anomalie nerf crânien VII\", \"symptom\": {\"id\": 2, \"name\": \"Non\"}}, \"43\": {\"examen\": \"Nerfs crâniens - Anomalie nerf crânien VIII\", \"symptom\": {\"id\": 1, \"name\": \"Oui\"}}, \"44\": {\"examen\": \"Etat de conscience\", \"symptom\": {\"id\": 24, \"name\": \"État d\'abattement discret à modéré\"}}}',3,NULL,'2023-09-06 15:03:27'),(105,7,NULL,5,'{\"15\": {\"examen\": \"Nerfs crâniens - Anomalie à l\'examen des nerfs crâniens\", \"symptom\": {\"id\": 1, \"name\": \"Oui\"}}, \"22\": {\"examen\": \"Vision - Nystagmus\", \"symptom\": {\"id\": 1, \"name\": \"Oui\"}}, \"23\": {\"examen\": \"Vision - Strabisme positionnel ventral\", \"symptom\": {\"id\": 1, \"name\": \"Oui\"}}, \"24\": {\"examen\": \"Démarche - Parésie\", \"symptom\": {\"id\": 19, \"name\": \"Présente\"}}, \"31\": {\"examen\": \"Démarche - Marche sur le cercle\", \"symptom\": {\"id\": 1, \"name\": \"Oui\"}}, \"32\": {\"examen\": \"Démarche - Ataxie\", \"symptom\": {\"id\": 19, \"name\": \"Présente\"}}, \"41\": {\"examen\": \"Réactions posturales - Déficit proprioceptif ipsilatéral ou controlatéral\", \"symptom\": {\"id\": 1, \"name\": \"Oui\"}}, \"42\": {\"examen\": \"Nerfs crâniens - Anomalie nerf crânien VII\", \"symptom\": {\"id\": 1, \"name\": \"Oui\"}}, \"43\": {\"examen\": \"Nerfs crâniens - Anomalie nerf crânien VIII\", \"symptom\": {\"id\": 1, \"name\": \"Oui\"}}, \"44\": {\"examen\": \"Etat de conscience\", \"symptom\": {\"id\": 6, \"name\": \"Altéré (apathie, stupeur, coma)\"}}}',3,6,'2023-09-06 15:22:27'),(106,8,NULL,6,'{\"1\": {\"examen\": \"Etat de conscience\", \"symptom\": {\"id\": 6, \"name\": \"Altéré (apathie, stupeur, coma)\"}}, \"2\": {\"examen\": \"Convulsion\", \"symptom\": {\"id\": 2, \"name\": \"Non\"}}, \"3\": {\"examen\": \"Comportement\", \"symptom\": {\"id\": 4, \"name\": \"Normal\"}}, \"4\": {\"examen\": \"Posture\", \"symptom\": {\"id\": 5, \"name\": \"Normale\"}}, \"15\": {\"examen\": \"Nerfs crâniens - Anomalie à l\'examen des nerfs crâniens\", \"symptom\": {\"id\": 1, \"name\": \"Oui\"}}, \"18\": {\"examen\": \"Autre - Réflexes photomoteurs\", \"symptom\": {\"id\": 17, \"name\": \"Déficit ipsilatéral\"}}, \"19\": {\"examen\": \"Nerfs crâniens - Réponse à la menace\", \"symptom\": {\"id\": 17, \"name\": \"Déficit ipsilatéral\"}}, \"21\": {\"examen\": \"Autre - Réflexe palpébral\", \"symptom\": {\"id\": 17, \"name\": \"Déficit ipsilatéral\"}}, \"33\": {\"examen\": \"Réflexes médullaires - Tonus des membres\", \"symptom\": {\"id\": 16, \"name\": \"Normal ou augmenté\"}}, \"35\": {\"examen\": \"Autre - Perte de sensibilité nasale\", \"symptom\": {\"id\": 17, \"name\": \"Déficit ipsilatéral\"}}, \"37\": {\"examen\": \"Nerfs crâniens - Réflexe cornéen\", \"symptom\": {\"id\": 17, \"name\": \"Déficit ipsilatéral\"}}, \"39\": {\"examen\": \"Réactions posturales - Déficit proprioceptif\", \"symptom\": {\"id\": 23, \"name\": \"Quatre membres\"}}, \"45\": {\"examen\": \"Nerfs crâniens - Symétrie de la face\", \"symptom\": {\"id\": 2, \"name\": \"Non\"}}, \"46\": {\"examen\": \"Démarche\", \"symptom\": {\"id\": 5, \"name\": \"Normale\"}}}',3,5,'2023-09-06 16:01:03'),(107,8,69,6,'{\"1\": {\"examen\": \"Etat de conscience\", \"symptom\": {\"id\": 4, \"name\": \"Normal\"}}, \"3\": {\"examen\": \"Comportement\", \"symptom\": {\"id\": 4, \"name\": \"Normal\"}}}',3,NULL,'2023-09-06 16:05:15'),(108,6,NULL,4,'{\"1\": {\"examen\": \"Etat de conscience\", \"symptom\": {\"id\": 4, \"name\": \"Normal\"}}, \"2\": {\"examen\": \"Convulsion\", \"symptom\": {\"id\": 2, \"name\": \"Non\"}}}',3,NULL,'2023-09-07 14:46:31'),(109,7,35,5,'[]',3,NULL,'2023-09-07 14:46:50'),(110,6,NULL,4,'{\"1\": {\"examen\": \"Etat de conscience\", \"symptom\": {\"id\": 4, \"name\": \"Normal\"}}, \"2\": {\"examen\": \"Convulsion\", \"symptom\": {\"id\": 2, \"name\": \"Non\"}}}',3,NULL,'2023-09-07 16:54:41'),(111,6,NULL,4,'{\"1\": {\"examen\": \"Etat de conscience\", \"symptom\": {\"id\": 4, \"name\": \"Normal\"}}, \"2\": {\"examen\": \"Convulsion\", \"symptom\": {\"id\": 2, \"name\": \"Non\"}}}',3,NULL,'2023-09-17 15:38:23');
/*!40000 ALTER TABLE `consultation` ENABLE KEYS */;
UNLOCK TABLES;

--
-- Table structure for table `consultation_examen_step`
--

DROP TABLE IF EXISTS `consultation_examen_step`;
/*!40101 SET @saved_cs_client     = @@character_set_client */;
/*!50503 SET character_set_client = utf8mb4 */;
CREATE TABLE `consultation_examen_step` (
  `consultation_id` int NOT NULL,
  `examen_step_id` int NOT NULL,
  PRIMARY KEY (`consultation_id`,`examen_step_id`),
  KEY `IDX_79496CAD62FF6CDF` (`consultation_id`),
  KEY `IDX_79496CADD03279B8` (`examen_step_id`),
  CONSTRAINT `FK_79496CAD62FF6CDF` FOREIGN KEY (`consultation_id`) REFERENCES `consultation` (`id`) ON DELETE CASCADE,
  CONSTRAINT `FK_79496CADD03279B8` FOREIGN KEY (`examen_step_id`) REFERENCES `examen_step` (`id`) ON DELETE CASCADE
) ENGINE=InnoDB DEFAULT CHARSET=utf8mb4 COLLATE=utf8mb4_unicode_ci;
/*!40101 SET character_set_client = @saved_cs_client */;

--
-- Dumping data for table `consultation_examen_step`
--

LOCK TABLES `consultation_examen_step` WRITE;
/*!40000 ALTER TABLE `consultation_examen_step` DISABLE KEYS */;
INSERT INTO `consultation_examen_step` VALUES (36,29),(37,1),(37,47),(38,1),(38,47),(38,48),(38,49),(39,4),(39,6),(39,9),(39,46),(40,4),(40,6),(40,9),(40,46),(41,4),(41,6),(41,9),(41,46),(42,29),(43,35),(43,50),(43,52),(43,53),(43,54),(44,4),(44,6),(44,46),(45,4),(45,46),(46,4),(46,46),(47,4),(47,46),(48,4),(48,46),(49,4),(49,6),(49,9),(49,46),(50,4),(50,6),(50,9),(50,46),(51,4),(51,46),(52,4),(52,6),(52,46),(53,4),(53,6),(53,9),(53,46),(54,4),(54,46),(55,4),(55,6),(55,9),(55,46),(56,4),(57,4),(58,4),(59,35),(59,50),(59,52),(59,53),(59,54),(61,29),(61,55),(61,56),(61,58),(62,29),(62,55),(62,56),(62,58),(62,59),(62,60),(62,61),(62,62),(63,29),(63,55),(63,56),(63,58),(63,59),(63,60),(63,61),(63,62),(68,35),(68,50),(70,35),(70,50),(70,52),(70,53),(70,54),(70,63),(71,35),(71,50),(71,52),(71,53),(71,54),(71,63),(72,36),(72,64),(72,65),(72,66),(72,67),(73,36),(74,1),(74,47),(74,48),(74,49),(75,4),(75,6),(75,8),(75,11),(75,46),(76,35),(76,50),(76,52),(76,53),(76,54),(76,63),(77,35),(77,50),(77,52),(77,53),(77,54),(77,63),(78,34),(79,1),(80,1),(80,47),(80,48),(80,49),(81,29),(81,55),(81,56),(81,58),(81,59),(82,4),(82,6),(82,9),(82,46),(83,35),(83,50),(83,52),(83,53),(83,54),(83,63),(84,29),(84,55),(84,56),(84,58),(84,59),(84,60),(84,61),(84,62),(85,1),(85,47),(85,48),(85,49),(86,4),(86,6),(86,8),(86,11),(86,46),(88,36),(88,68),(88,69),(88,70),(89,36),(89,68),(89,69),(89,70),(90,36),(90,68),(90,69),(90,70),(91,36),(91,68),(91,69),(91,70),(92,36),(92,68),(92,69),(92,70),(93,36),(93,68),(93,69),(93,70),(94,36),(94,68),(94,69),(94,70),(95,36),(95,68),(95,69),(95,70),(96,36),(96,68),(96,69),(96,70),(97,36),(97,68),(97,69),(97,70),(98,36),(98,68),(98,69),(98,70),(100,1),(100,47),(100,48),(100,49),(101,29),(101,55),(101,56),(101,58),(101,59),(101,60),(101,61),(101,62),(102,29),(102,55),(102,56),(102,58),(102,59),(102,60),(102,61),(102,62),(103,4),(103,6),(103,8),(103,11),(103,46),(104,35),(104,50),(104,52),(104,53),(104,54),(104,63),(105,35),(105,50),(105,52),(105,53),(105,54),(105,63),(106,36),(106,64),(106,65),(106,66),(106,67),(107,36),(107,68),(108,34),(110,34),(111,34);
/*!40000 ALTER TABLE `consultation_examen_step` ENABLE KEYS */;
UNLOCK TABLES;

--
-- Table structure for table `consultation_flow`
--

DROP TABLE IF EXISTS `consultation_flow`;
/*!40101 SET @saved_cs_client     = @@character_set_client */;
/*!50503 SET character_set_client = utf8mb4 */;
CREATE TABLE `consultation_flow` (
  `id` int NOT NULL AUTO_INCREMENT,
  `reason_id` int NOT NULL,
  PRIMARY KEY (`id`),
  UNIQUE KEY `UNIQ_790956BA59BB1592` (`reason_id`),
  CONSTRAINT `FK_790956BA59BB1592` FOREIGN KEY (`reason_id`) REFERENCES `consultation_reason` (`id`)
) ENGINE=InnoDB AUTO_INCREMENT=7 DEFAULT CHARSET=utf8mb4 COLLATE=utf8mb4_unicode_ci;
/*!40101 SET character_set_client = @saved_cs_client */;

--
-- Dumping data for table `consultation_flow`
--

LOCK TABLES `consultation_flow` WRITE;
/*!40000 ALTER TABLE `consultation_flow` DISABLE KEYS */;
INSERT INTO `consultation_flow` VALUES (1,1),(3,2),(2,4),(4,6),(5,7),(6,8);
/*!40000 ALTER TABLE `consultation_flow` ENABLE KEYS */;
UNLOCK TABLES;

--
-- Table structure for table `consultation_reason`
--

DROP TABLE IF EXISTS `consultation_reason`;
/*!40101 SET @saved_cs_client     = @@character_set_client */;
/*!50503 SET character_set_client = utf8mb4 */;
CREATE TABLE `consultation_reason` (
  `id` int NOT NULL AUTO_INCREMENT,
  `value` varchar(255) CHARACTER SET utf8mb4 COLLATE utf8mb4_unicode_ci NOT NULL,
  PRIMARY KEY (`id`)
) ENGINE=InnoDB AUTO_INCREMENT=9 DEFAULT CHARSET=utf8mb4 COLLATE=utf8mb4_unicode_ci;
/*!40101 SET character_set_client = @saved_cs_client */;

--
-- Dumping data for table `consultation_reason`
--

LOCK TABLES `consultation_reason` WRITE;
/*!40000 ALTER TABLE `consultation_reason` DISABLE KEYS */;
INSERT INTO `consultation_reason` VALUES (1,'Tremblements et/ou incoordination des mouvements'),(2,'Convulsion et/ou comportement compulsif'),(4,'Troubles locomoteurs (trouble de la motricité comme parésie ou paralysie)'),(6,'Trouble de l\'équilibre (ataxie)'),(7,'Atteinte vestibulaire (tête penchée)'),(8,'Déficit des nerfs crâniens (hors atteinte vestibulaire)');
/*!40000 ALTER TABLE `consultation_reason` ENABLE KEYS */;
UNLOCK TABLES;

--
-- Table structure for table `doctrine_migration_versions`
--

DROP TABLE IF EXISTS `doctrine_migration_versions`;
/*!40101 SET @saved_cs_client     = @@character_set_client */;
/*!50503 SET character_set_client = utf8mb4 */;
CREATE TABLE `doctrine_migration_versions` (
  `version` varchar(191) CHARACTER SET utf8mb3 COLLATE utf8mb3_unicode_ci NOT NULL,
  `executed_at` datetime DEFAULT NULL,
  `execution_time` int DEFAULT NULL,
  PRIMARY KEY (`version`)
) ENGINE=InnoDB DEFAULT CHARSET=utf8mb3 COLLATE=utf8mb3_unicode_ci;
/*!40101 SET character_set_client = @saved_cs_client */;

--
-- Dumping data for table `doctrine_migration_versions`
--

LOCK TABLES `doctrine_migration_versions` WRITE;
/*!40000 ALTER TABLE `doctrine_migration_versions` DISABLE KEYS */;
INSERT INTO `doctrine_migration_versions` VALUES ('DoctrineMigrations\\Version20230403081458','2023-04-03 08:15:01',232),('DoctrineMigrations\\Version20230403081840','2023-04-03 08:18:44',37),('DoctrineMigrations\\Version20230403085011','2023-04-03 08:50:13',33),('DoctrineMigrations\\Version20230502085238','2023-05-02 08:52:55',58),('DoctrineMigrations\\Version20230502092047','2023-05-02 09:20:52',165),('DoctrineMigrations\\Version20230517120901','2023-05-17 12:27:05',90),('DoctrineMigrations\\Version20230517122351','2023-05-17 12:27:35',58),('DoctrineMigrations\\Version20230517122554','2023-05-17 12:32:09',39),('DoctrineMigrations\\Version20230529085627','2023-05-29 08:56:31',114),('DoctrineMigrations\\Version20230529090019','2023-05-29 09:00:22',108);
/*!40000 ALTER TABLE `doctrine_migration_versions` ENABLE KEYS */;
UNLOCK TABLES;

--
-- Table structure for table `examen_step`
--

DROP TABLE IF EXISTS `examen_step`;
/*!40101 SET @saved_cs_client     = @@character_set_client */;
/*!50503 SET character_set_client = utf8mb4 */;
CREATE TABLE `examen_step` (
  `id` int NOT NULL AUTO_INCREMENT,
  `consultation_flow_id` int NOT NULL,
  `trigger_value_id` int DEFAULT NULL,
  `position` int NOT NULL,
  `name` varchar(255) CHARACTER SET utf8mb4 COLLATE utf8mb4_unicode_ci NOT NULL,
  `previous_examen_id` int DEFAULT NULL,
  `trigger_examen_id` int DEFAULT NULL,
  PRIMARY KEY (`id`),
  KEY `IDX_9CA21A253BB5FCF9` (`consultation_flow_id`),
  KEY `IDX_9CA21A25A62173AD` (`trigger_value_id`),
  KEY `IDX_9CA21A252BA4A9B` (`previous_examen_id`),
  KEY `IDX_9CA21A25952879C3` (`trigger_examen_id`),
  CONSTRAINT `FK_9CA21A252BA4A9B` FOREIGN KEY (`previous_examen_id`) REFERENCES `examen_step` (`id`),
  CONSTRAINT `FK_9CA21A253BB5FCF9` FOREIGN KEY (`consultation_flow_id`) REFERENCES `consultation_flow` (`id`),
  CONSTRAINT `FK_9CA21A25952879C3` FOREIGN KEY (`trigger_examen_id`) REFERENCES `clinic_examen` (`id`),
  CONSTRAINT `FK_9CA21A25A62173AD` FOREIGN KEY (`trigger_value_id`) REFERENCES `clinic_sign_value` (`id`)
) ENGINE=InnoDB AUTO_INCREMENT=71 DEFAULT CHARSET=utf8mb4 COLLATE=utf8mb4_unicode_ci;
/*!40101 SET character_set_client = @saved_cs_client */;

--
-- Dumping data for table `examen_step`
--

LOCK TABLES `examen_step` WRITE;
/*!40000 ALTER TABLE `examen_step` DISABLE KEYS */;
INSERT INTO `examen_step` VALUES (1,1,NULL,1,'Etat de conscience et comportement',NULL,NULL),(4,2,NULL,1,'Etat de conscience et comportement',NULL,NULL),(6,2,2,3,'Posture et réactions posturales',46,6),(8,2,1,4,'Tonus et réflexe anterieurs',6,8),(9,2,2,4,'Tonus et réflexe postérieurs',6,8),(11,2,16,5,'Tonus et réflexe postérieurs',8,9),(12,2,15,5,'Tonus et réflexe postérieurs',8,9),(29,3,NULL,1,'Etat de conscience',NULL,NULL),(34,4,NULL,1,'Etat de conscience et comportement',NULL,NULL),(35,5,NULL,1,'Etat de conscience et comportement',NULL,NULL),(36,6,NULL,1,'Etat de conscience et comportement',NULL,NULL),(37,2,6,2,'Convulsion',4,1),(38,2,1,3,'Nerfs crâniens',37,2),(39,2,1,4,'Réflexe photomoteurs',38,15),(40,2,2,4,'Autre nerfs crâniens',38,15),(41,2,4,5,'Comportement',39,18),(42,2,18,6,'Autres nerfs crâniens',41,19),(43,2,2,7,'Réflexe médullaires',42,20),(46,2,4,2,'Posture',4,1),(47,1,NULL,2,'Posture et démarche',1,NULL),(48,1,NULL,3,'Nerf crânien',47,NULL),(49,1,NULL,4,'Reflexe médulaire',48,NULL),(50,5,NULL,3,'Inspection des globes occulaires',63,NULL),(52,5,NULL,4,'Posture et démarche',50,NULL),(53,5,NULL,5,'Réaction posturale',52,NULL),(54,5,NULL,6,'Réflexe medullaires',53,NULL),(55,3,21,2,'Posture',29,3),(56,3,NULL,3,'Nerfs crâniens',55,NULL),(58,3,1,4,'',56,15),(59,3,4,5,'Anomalie des nerfs crâniens',58,18),(60,3,18,6,'Déficit des autres nerfs crâniens',59,19),(61,3,2,7,'Réaction posturale et démarche',60,20),(62,3,NULL,8,'Réflexe médullaires',61,NULL),(63,5,NULL,2,'Nerfs crâniens',35,NULL),(64,6,6,2,'Convulsion & Posture',36,1),(65,6,2,3,'Anomalie des nerfs crâniens',64,2),(66,6,1,4,'Nerfs crâniens',65,15),(67,6,NULL,5,'Réactions posturales, démarche & réflexe médullaires',66,NULL),(68,6,4,2,'Reflexes',36,1),(69,6,NULL,3,'',68,NULL),(70,6,NULL,4,'',69,NULL);
/*!40000 ALTER TABLE `examen_step` ENABLE KEYS */;
UNLOCK TABLES;

--
-- Table structure for table `examen_step_clinic_examen`
--

DROP TABLE IF EXISTS `examen_step_clinic_examen`;
/*!40101 SET @saved_cs_client     = @@character_set_client */;
/*!50503 SET character_set_client = utf8mb4 */;
CREATE TABLE `examen_step_clinic_examen` (
  `examen_step_id` int NOT NULL,
  `clinic_examen_id` int NOT NULL,
  PRIMARY KEY (`examen_step_id`,`clinic_examen_id`),
  KEY `IDX_C11AB520D03279B8` (`examen_step_id`),
  KEY `IDX_C11AB520FA7432F1` (`clinic_examen_id`),
  CONSTRAINT `FK_C11AB520D03279B8` FOREIGN KEY (`examen_step_id`) REFERENCES `examen_step` (`id`) ON DELETE CASCADE,
  CONSTRAINT `FK_C11AB520FA7432F1` FOREIGN KEY (`clinic_examen_id`) REFERENCES `clinic_examen` (`id`) ON DELETE CASCADE
) ENGINE=InnoDB DEFAULT CHARSET=utf8mb4 COLLATE=utf8mb4_unicode_ci;
/*!40101 SET character_set_client = @saved_cs_client */;

--
-- Dumping data for table `examen_step_clinic_examen`
--

LOCK TABLES `examen_step_clinic_examen` WRITE;
/*!40000 ALTER TABLE `examen_step_clinic_examen` DISABLE KEYS */;
INSERT INTO `examen_step_clinic_examen` VALUES (1,1),(1,3),(4,1),(4,3),(6,8),(6,34),(8,9),(8,10),(9,11),(9,12),(9,13),(9,14),(11,11),(11,12),(11,13),(11,14),(12,11),(12,12),(12,13),(12,14),(29,1),(29,2),(29,3),(34,1),(34,2),(35,44),(36,1),(36,3),(37,2),(38,15),(39,18),(40,20),(41,19),(42,20),(43,16),(46,6),(46,7),(46,26),(46,27),(46,28),(47,4),(47,6),(47,7),(47,26),(47,27),(47,28),(48,15),(48,30),(49,16),(50,22),(50,23),(52,24),(52,31),(52,32),(53,41),(54,10),(54,12),(54,13),(54,14),(54,33),(55,4),(55,5),(55,28),(56,15),(58,18),(59,19),(59,21),(59,35),(59,37),(60,20),(61,31),(61,38),(61,39),(61,40),(62,16),(63,15),(63,42),(63,43),(64,2),(64,4),(65,15),(66,18),(66,19),(66,21),(66,35),(66,37),(66,45),(67,33),(67,39),(67,46),(68,48),(68,49),(68,50),(68,51),(68,52),(68,56),(68,58),(69,22),(69,35),(69,45),(69,55),(69,57),(69,59),(69,60),(70,47),(70,53),(70,61),(70,62),(70,63),(70,64);
/*!40000 ALTER TABLE `examen_step_clinic_examen` ENABLE KEYS */;
UNLOCK TABLES;

--
-- Table structure for table `injury`
--

DROP TABLE IF EXISTS `injury`;
/*!40101 SET @saved_cs_client     = @@character_set_client */;
/*!50503 SET character_set_client = utf8mb4 */;
CREATE TABLE `injury` (
  `id` int NOT NULL AUTO_INCREMENT,
  `name` varchar(255) CHARACTER SET utf8mb4 COLLATE utf8mb4_unicode_ci NOT NULL,
  PRIMARY KEY (`id`)
) ENGINE=InnoDB AUTO_INCREMENT=25 DEFAULT CHARSET=utf8mb4 COLLATE=utf8mb4_unicode_ci;
/*!40101 SET character_set_client = @saved_cs_client */;

--
-- Dumping data for table `injury`
--

LOCK TABLES `injury` WRITE;
/*!40000 ALTER TABLE `injury` DISABLE KEYS */;
INSERT INTO `injury` VALUES (2,'C1 - C5'),(3,'du cervelet'),(4,'du cortex'),(5,'du tronc cérébral'),(6,'de l\'appareil vestibulaire central'),(7,'de l\'appareil vestibulaire périphérique'),(8,'C6 - T2'),(9,'T3 - L3'),(10,'L4 - S2'),(13,'NC I (Olfactif)'),(14,'NC II (Optique)'),(15,'NC III (Oculomoteur)'),(16,'NC IV (Trochléaire)'),(17,'NC V (Trijumeau)'),(18,'NC VI (Abducens)'),(19,'NC VII (Facial)'),(20,'NC VIII (Vestibulo-cochléaire)'),(21,'Atteinte NC multiples (IX (Glossopharyngien), X (vague) et/ou XI (Accessoire)) OU Tronc Cérébral'),(24,'NC XII (Hypoglosse)');
/*!40000 ALTER TABLE `injury` ENABLE KEYS */;
UNLOCK TABLES;

--
-- Table structure for table `major_injury_clinic_sign`
--

DROP TABLE IF EXISTS `major_injury_clinic_sign`;
/*!40101 SET @saved_cs_client     = @@character_set_client */;
/*!50503 SET character_set_client = utf8mb4 */;
CREATE TABLE `major_injury_clinic_sign` (
  `id` int NOT NULL AUTO_INCREMENT,
  `examen_id` int NOT NULL,
  `expected_value_id` int NOT NULL,
  `injury_id` int NOT NULL,
  PRIMARY KEY (`id`),
  KEY `IDX_314A38555C8659A` (`examen_id`),
  KEY `IDX_314A3855B0E02586` (`expected_value_id`),
  KEY `IDX_314A3855ABA45E9A` (`injury_id`),
  CONSTRAINT `FK_314A38555C8659A` FOREIGN KEY (`examen_id`) REFERENCES `clinic_examen` (`id`),
  CONSTRAINT `FK_314A3855ABA45E9A` FOREIGN KEY (`injury_id`) REFERENCES `injury` (`id`),
  CONSTRAINT `FK_314A3855B0E02586` FOREIGN KEY (`expected_value_id`) REFERENCES `clinic_sign_value` (`id`)
) ENGINE=InnoDB AUTO_INCREMENT=98 DEFAULT CHARSET=utf8mb4 COLLATE=utf8mb4_unicode_ci;
/*!40101 SET character_set_client = @saved_cs_client */;

--
-- Dumping data for table `major_injury_clinic_sign`
--

LOCK TABLES `major_injury_clinic_sign` WRITE;
/*!40000 ALTER TABLE `major_injury_clinic_sign` DISABLE KEYS */;
INSERT INTO `major_injury_clinic_sign` VALUES (4,8,1,2),(5,9,16,2),(6,11,16,2),(7,6,1,3),(9,3,21,4),(10,18,4,4),(11,19,18,4),(12,20,2,4),(14,1,6,5),(15,2,2,5),(16,15,1,5),(17,18,17,5),(18,19,17,5),(19,21,17,5),(31,8,1,8),(32,9,15,8),(33,11,16,8),(34,8,2,9),(35,11,16,9),(36,12,16,9),(37,8,2,10),(38,11,15,10),(39,12,15,10),(49,1,4,3),(50,15,2,3),(52,22,1,6),(53,44,6,6),(54,15,1,6),(55,42,1,6),(56,23,1,6),(57,44,4,7),(58,43,1,7),(59,15,2,7),(60,23,1,7),(61,41,2,7),(62,41,1,6),(63,43,1,6),(64,47,31,13),(65,48,1,14),(66,50,4,14),(67,49,31,14),(71,45,2,17),(72,53,15,17),(73,55,31,17),(74,56,1,17),(75,52,1,17),(76,57,36,18),(77,58,1,18),(78,57,34,16),(79,51,15,15),(80,52,1,15),(81,59,1,15),(82,55,31,19),(83,56,1,19),(84,52,1,19),(85,60,38,19),(86,61,31,19),(87,62,1,20),(88,57,37,20),(89,22,1,20),(90,63,1,21),(91,64,1,21),(96,61,31,24),(97,57,35,15);
/*!40000 ALTER TABLE `major_injury_clinic_sign` ENABLE KEYS */;
UNLOCK TABLES;

--
-- Table structure for table `messenger_messages`
--

DROP TABLE IF EXISTS `messenger_messages`;
/*!40101 SET @saved_cs_client     = @@character_set_client */;
/*!50503 SET character_set_client = utf8mb4 */;
CREATE TABLE `messenger_messages` (
  `id` bigint NOT NULL AUTO_INCREMENT,
  `body` longtext CHARACTER SET utf8mb4 COLLATE utf8mb4_unicode_ci NOT NULL,
  `headers` longtext CHARACTER SET utf8mb4 COLLATE utf8mb4_unicode_ci NOT NULL,
  `queue_name` varchar(190) CHARACTER SET utf8mb4 COLLATE utf8mb4_unicode_ci NOT NULL,
  `created_at` datetime NOT NULL,
  `available_at` datetime NOT NULL,
  `delivered_at` datetime DEFAULT NULL,
  PRIMARY KEY (`id`),
  KEY `IDX_75EA56E0FB7336F0` (`queue_name`),
  KEY `IDX_75EA56E0E3BD61CE` (`available_at`),
  KEY `IDX_75EA56E016BA31DB` (`delivered_at`)
) ENGINE=InnoDB DEFAULT CHARSET=utf8mb4 COLLATE=utf8mb4_unicode_ci;
/*!40101 SET character_set_client = @saved_cs_client */;

--
-- Dumping data for table `messenger_messages`
--

LOCK TABLES `messenger_messages` WRITE;
/*!40000 ALTER TABLE `messenger_messages` DISABLE KEYS */;
/*!40000 ALTER TABLE `messenger_messages` ENABLE KEYS */;
UNLOCK TABLES;

--
-- Table structure for table `sub_examen_clinic`
--

DROP TABLE IF EXISTS `sub_examen_clinic`;
/*!40101 SET @saved_cs_client     = @@character_set_client */;
/*!50503 SET character_set_client = utf8mb4 */;
CREATE TABLE `sub_examen_clinic` (
  `id` int NOT NULL AUTO_INCREMENT,
  PRIMARY KEY (`id`)
) ENGINE=InnoDB DEFAULT CHARSET=utf8mb4 COLLATE=utf8mb4_unicode_ci;
/*!40101 SET character_set_client = @saved_cs_client */;

--
-- Dumping data for table `sub_examen_clinic`
--

LOCK TABLES `sub_examen_clinic` WRITE;
/*!40000 ALTER TABLE `sub_examen_clinic` DISABLE KEYS */;
/*!40000 ALTER TABLE `sub_examen_clinic` ENABLE KEYS */;
UNLOCK TABLES;

--
-- Table structure for table `user`
--

DROP TABLE IF EXISTS `user`;
/*!40101 SET @saved_cs_client     = @@character_set_client */;
/*!50503 SET character_set_client = utf8mb4 */;
CREATE TABLE `user` (
  `id` int NOT NULL AUTO_INCREMENT,
  `username` varchar(180) CHARACTER SET utf8mb4 COLLATE utf8mb4_unicode_ci NOT NULL,
  `roles` json NOT NULL,
  `password` varchar(255) CHARACTER SET utf8mb4 COLLATE utf8mb4_unicode_ci NOT NULL,
  PRIMARY KEY (`id`),
  UNIQUE KEY `UNIQ_8D93D649F85E0677` (`username`)
) ENGINE=InnoDB AUTO_INCREMENT=7 DEFAULT CHARSET=utf8mb4 COLLATE=utf8mb4_unicode_ci;
/*!40101 SET character_set_client = @saved_cs_client */;

--
-- Dumping data for table `user`
--

LOCK TABLES `user` WRITE;
/*!40000 ALTER TABLE `user` DISABLE KEYS */;
INSERT INTO `user` VALUES (2,'veterinaire','[\"ROLE_USER\"]','$2y$13$QPCMW7gXBpmPXLoURNpjKuzCXIcjlIMt.rvw/pL61LmPwxsflHNK.'),(3,'paulinedos','[\"ROLE_ADMIN\"]','$2y$13$GtMaufpRqNIeh6d8GtQxb.8Ia1s7zFN3hl8XZrKHR.acgZZNTJRM2'),(5,'ajaunasse','[\"ROLE_ADMIN\"]','$2y$13$I05iUdEZtW5QWHtWsEQG9.xOGeCnQphIZa/87XUz0AMLvBc6nf9V6'),(6,'akinator','[\"ROLE_ADMIN\"]','$2y$13$I3Yn1zYmgX8qvlsLudZma.7m9IRjyoHGaPWsngUMYuFgNbv5ePPZu');
/*!40000 ALTER TABLE `user` ENABLE KEYS */;
UNLOCK TABLES;
SET @@SESSION.SQL_LOG_BIN = @MYSQLDUMP_TEMP_LOG_BIN;
/*!40103 SET TIME_ZONE=@OLD_TIME_ZONE */;

/*!40101 SET SQL_MODE=@OLD_SQL_MODE */;
/*!40014 SET FOREIGN_KEY_CHECKS=@OLD_FOREIGN_KEY_CHECKS */;
/*!40014 SET UNIQUE_CHECKS=@OLD_UNIQUE_CHECKS */;
/*!40101 SET CHARACTER_SET_CLIENT=@OLD_CHARACTER_SET_CLIENT */;
/*!40101 SET CHARACTER_SET_RESULTS=@OLD_CHARACTER_SET_RESULTS */;
/*!40101 SET COLLATION_CONNECTION=@OLD_COLLATION_CONNECTION */;
/*!40111 SET SQL_NOTES=@OLD_SQL_NOTES */;

-- Dump completed on 2023-09-27 14:46:38
